heading_error_deg,sum_pfl3r,sum_pfl3l,sum_pfl2,pfl2_bump_amp,dna03r,dna03l,dna02r,dna02l,steering,pfl3_RL_diff
-180.0,407.63770278544945,407.63770278544945,446.25490273271566,0.9999959152051093,0.9809779479150842,0.9809779479150842,0.975916575073304,0.9759165750733064,-7.751406563433237e-15,0.0
-179.5,407.88447169517224,407.3914793396965,446.25391589816695,0.9999914474661351,0.9821215242546532,0.9797997602130016,0.9773397353337478,0.9744511580328225,0.009167092210200123,0.49299235547573517
-179.0,408.1317665217447,407.145820933493,446.25095545077954,0.9999679343997591,0.983230398233704,0.9785870544000648,0.9787205255778388,0.9729436002066,0.018333456941805038,0.9859455882516954
-178.5,408.37956774692185,406.9007471702183,446.2460215560803,0.9999253762695938,0.9843044810486195,0.9773399259172665,0.9800588352548428,0.9713940202682307,0.02749836673616109,1.4788205767035265
-178.0,408.62785588313807,406.65627767935104,446.23911448740614,0.9998711254685917,0.9853436860712175,0.9760584723594524,0.9813545564766171,0.969802539527047,0.03666109421983535,1.9715782037870326
-177.5,408.87661147445283,406.4124321155615,446.2302346303675,0.9998005869176699,0.9863479289372709,0.9747427935551284,0.9826075841259229,0.968169282025595,0.045820912139006485,2.4641793588913288
-177.0,409.12581509664994,406.16923015827933,446.219382481342,0.9997110043441879,0.9873171275186107,0.9733929915360627,0.9838178158223329,0.9664943745024296,0.05497709336934428,2.956584938370611
-176.5,409.37544735888764,405.9266915102224,446.20655864362806,0.999606972684077,0.9882512018584337,0.9720091704578793,0.9849851518433105,0.9647779462948878,0.06412891097410259,3.4487558486652574
-176.0,409.62548890495515,405.68483589601874,446.19176383205877,0.9994894105925215,0.9891500742641379,0.9705914366804993,0.9861094952378313,0.96302012943729,0.07327563825305777,3.9406530089364082
-175.5,409.8759204133418,405.44368306186436,446.1749988732789,0.9993528062967104,0.9900136693128654,0.9691398987717394,0.9871907518331648,0.9612210586653044,0.08241654875017983,4.432237351477454
-175.0,410.12672259842583,405.2032527743111,446.1562647010102,0.9991989983111934,0.9908419137679079,0.9676546674124156,0.9882288301328024,0.9593808712998098,0.09155091629826885,4.923469824114704
-174.5,410.37787621206274,404.9635648185918,446.1355623592004,0.9990344159165045,0.9916347366455126,0.9661358554477721,0.9892236413982888,0.9574997073096015,0.10067801507965168,5.414311393470939
-174.0,410.6293620438472,404.72463899817285,446.11289300410294,0.9988507939119342,0.9923920692552889,0.9645835779245565,0.9901750996986456,0.9555777093566663,0.1097971196393481,5.904723045674359
-173.5,410.88116092168457,404.48649513376984,446.08825790011474,0.9986481344602475,0.9931138451244884,0.9629979520079736,0.9910831218178628,0.9536150226945592,0.11890750491399549,6.394665787914732
-173.0,411.13325371363464,404.24915306162916,446.06165842024825,0.9984356182922423,0.9938000000155923,0.9613790969824815,0.9919476272765857,0.9516117951692036,0.12800844629813568,6.884100652005486
-172.5,411.38562132850336,404.01263263275996,446.0330960498271,0.9982049838810791,0.9944504719987094,0.9597271343178051,0.9927685384206836,0.9495681772995112,0.1370992196694409,7.372988695743402
-172.0,411.6382447158542,403.7769537121573,446.00257238377185,0.9979553159175965,0.9950652014004933,0.9580421876141272,0.9935457803588007,0.947484322210302,0.14617910140340976,7.86129100369692
-171.5,411.8911048678991,403.54213617720256,445.97008912422865,0.9976930380195123,0.9956441307683864,0.9563243825499044,0.994279280918838,0.9453603855683443,0.15524736843824108,8.348968690696552
-171.0,412.14418282046046,403.30819991649616,445.9356480851761,0.9974153977871352,0.9961872049619347,0.9545738469631376,0.9949689707596827,0.9431965256815904,0.16430329831448431,8.835982903964293
-170.5,412.3974596527208,403.0751648292186,445.89925119150143,0.9971187286691882,0.9966943711341919,0.9527907108309694,0.99561478334845,0.9409929034741673,0.1733461691821816,9.322294823502205
-170.0,412.65091648878956,402.8430508237177,445.8609004746726,0.9968067002778206,0.9971655786575867,0.9509751061814983,0.9962166548700156,0.9387496823784285,0.18237525985634645,9.807865665071859
-169.5,412.9045344990723,402.61187781600654,445.8205980769996,0.996482062086053,0.9976007792106355,0.9491271671669814,0.9967745243331603,0.9364670284242887,0.1913898498703081,10.292656683065786
-169.0,413.1582949000975,402.3816657291387,445.77834625246635,0.9961384004448894,0.9979999267927994,0.947247030076557,0.9972883335887165,0.9341451102547156,0.20038921948414065,10.776629170958756
-168.5,413.4121789554302,402.15243449198124,445.7341473620777,0.9957766351048699,0.9983629776411354,0.9453348332428209,0.9977580272277665,0.9317840990113923,0.20937264972444164,11.259744463448953
-168.0,413.6661679774391,401.92420403754585,445.68800387615624,0.99540500808384,0.9986898902818884,0.9433907170772278,0.9981835526448939,0.9293841683778276,0.21833942244825424,11.741963939893253
-167.5,413.920243327438,401.69699430221544,445.63991837694795,0.9950143638160356,0.9989806255802316,0.9414148241155417,0.9985648600990056,0.9269454946348383,0.2272888203600127,12.223249025222572
-167.0,414.17438641584397,401.47082522467736,445.5898935548895,0.9946047068799638,0.9992351466707117,0.9394072989424816,0.998901902628317,0.9244682565683222,0.23622012703443096,12.703561191166614
-166.5,414.4285787041935,401.24571674426903,445.5379322080859,0.9941842719096109,0.999453418956889,0.9373682881741093,0.9991946360501185,0.9219526354475568,0.2451326269846305,13.18286195992448
-166.0,414.6828017057243,401.0216887999187,445.4840372463334,0.9937466561671338,0.999635410189868,0.9352979405286035,0.9994430190568366,0.9193988151116131,0.25402560569275856,13.661112905805567
-165.5,414.9370369849514,400.7987613292151,445.4282116889899,0.993290035243724,0.9997810904261836,0.9331964067817827,0.9996470131645081,0.9168069819148882,0.26289834961932285,14.138275655736322
-165.0,415.191266159614,400.57695426686035,445.3704586618277,0.9928198944846545,0.9998904319776797,0.9310638397005084,0.9998065826517045,0.9141773246455328,0.27175014626823935,14.61431189275362
-164.5,415.4454709017202,400.35628754331043,445.3107814015998,0.9923353196636011,0.999963409502451,0.9289003941223223,0.9999216946708146,0.9115100346226688,0.28058028423146936,15.089183358409798
-164.0,415.6996329369688,400.1367810839111,445.2491832556789,0.9918317479067977,0.9999999999953184,0.9267062269445642,0.9999923192363417,0.9088053056829986,0.2893880531943755,15.56285185305768
-163.5,415.9537340461475,399.91845480748884,445.1856676774963,0.9913119214875806,1.0,0.924481497031819,1.0,0.9060633340675149,0.2981142579241277,16.03527923865863
-163.0,416.2077560666877,399.70132862477055,445.1202382302214,0.990780401215609,0.999963939228214,0.9222263652777869,0.9999999999848551,0.9032843184969767,0.3069336486469276,16.50642744191714
-162.5,416.4616808922979,399.4854224374834,445.0528985881348,0.9902298930065087,0.9998912534988819,0.919940994626909,0.9999370103342033,0.9004684601982531,0.31567006042007223,16.976258454814513
-162.0,416.715490473507,399.2707561370679,444.98365253223164,0.9896604033156294,0.9997821117428027,0.9176255499854877,0.9998294414941009,0.8976159627955406,0.32438127380383647,17.44473433643907
-161.5,416.9691668196609,399.05734960302004,444.91250395157283,0.9890819524381145,0.9996365024950373,0.9152801982393268,0.9996772776158771,0.8947270323317549,0.33306658461051036,17.911817216640884
-161.0,417.22269199900893,398.84522270183015,444.8394568463353,0.9884845233707098,0.9994544166612724,0.9129051083061996,0.9994805057549497,0.8918018773325682,0.3417252899895097,18.377469297178777
-160.5,417.4760481383795,398.6343952858018,444.7645153246027,0.9878681230855378,0.9992358474558447,0.9105004510698271,0.9992391157950263,0.8888407087255756,0.35035668844335377,18.84165285257768
-160.0,417.7292174253763,398.4248871914283,444.6876836009045,0.9872400296071691,0.99898079038454,0.9080663993447115,0.9989531004272988,0.8858437397971393,0.35896007989859596,19.304330233948008
-159.5,417.98218210901103,398.21671823810254,444.60896600041985,0.9865956964728554,0.9986892433267929,0.9056031279492559,0.9986224552509986,0.8828111862816459,0.3675347657416777,19.76546387090849
-159.0,418.23492449884867,398.0099082270121,444.5283669574461,0.9859324031264268,0.9983612065027949,0.9031108136717043,0.9982471787330983,0.879743266319756,0.37608004882353824,20.22501627183658
-158.5,418.4874269669364,397.8044769395982,444.44589101166406,0.9852546936125998,0.9979966824122258,0.9005896351925347,0.9978272721336073,0.8766402003633711,0.3845952335241269,20.682950027338222
-158.0,418.7396719490124,397.6004441360562,444.3615428124641,0.9845634743834807,0.9975956759214453,0.8980397731588914,0.9973627396122874,0.8735022112664766,0.3930796258027776,21.13922781295622
-157.5,418.9916419436398,397.3978295542448,444.2753271191174,0.9838533066838107,0.9971581942626376,0.895461410182671,0.9968535882275177,0.8703295242826892,0.40153253320239063,21.593812389394998
-157.0,419.2433195133333,397.1966529082364,444.18724879621266,0.9831260099071797,0.9966842469531556,0.8928547307477354,0.9962998278378088,0.8671223669516777,0.40995326489732975,22.046666605096902
-156.5,419.4946872863679,396.996933886684,444.0973128165732,0.9823879237182049,0.9961738458589942,0.8902199212571665,0.9957014711795825,0.8638809691567655,0.4183411317574583,22.49775339968386
-156.0,419.7457279562858,396.7986921516682,444.0055242631313,0.9816309015300556,0.9956270052277659,0.8875571700631547,0.9950585339074344,0.8606055631613522,0.4266954463603282,22.9470358046176
-155.5,419.9964242819724,396.6019473373183,443.91188832492327,0.980854952167614,0.9950437416136255,0.8848666673850549,0.9943710345023616,0.8572963835085953,0.43501552301830154,23.394476944654116
-155.0,420.2467590899171,396.40671904815235,443.8164102974705,0.9800691155823746,0.9944240738950961,0.8821486053087438,0.9936389942937865,0.8539536670204572,0.44330067785146776,23.840040041764723
-154.5,420.49671527431724,396.213026857778,443.7190955861642,0.979265259907913,0.993768023339305,0.8794031778442681,0.9928624375380949,0.8505776528680459,0.45155022881365997,24.283688416539235
-154.0,420.7462757962281,396.02089030757463,443.61994970363213,0.9784424907622958,0.9930756135483966,0.876630580870035,0.9920413913530391,0.8471685825032553,0.4597634957012229,24.725385488653444
-153.5,420.99542368590807,395.83032890506644,443.51897826745653,0.9776071255124847,0.9923468704275681,0.8738310120821478,0.9911758856789008,0.8437266995966621,0.46793980022684784,25.165094780841628
-153.0,421.2441420435757,395.64136212245444,443.41618700439346,0.9767564584708697,0.9915818222681341,0.8710046710669922,0.9902659533801148,0.8402522501261112,0.4760784660609523,25.602779921121282
-152.5,421.4924140381543,395.45400939533056,443.31158174941595,0.9758868923755775,0.9907804997235782,0.8681517592771475,0.9893116302158634,0.836745482347138,0.484178818832224,26.038404642823764
-152.0,421.74022290907897,395.2682901211035,443.2051684416225,0.9750020334145116,0.9899429357409903,0.865272479946892,0.9883129547564442,0.833206646689513,0.4922401861905328,26.471932787975447
-151.5,421.98755196775227,395.08422365739614,443.09695312811397,0.974104578220464,0.9890691656409615,0.8623670381577012,0.9872699684810874,0.8296359958371495,0.5002618978637685,26.90332831035613
-151.0,422.2343845964539,394.90182932074174,442.98694196466465,0.9731882390973468,0.9881592271250802,0.8594356408447386,0.9861827157870117,0.8260337847359065,0.5082432856618152,27.33255527571214
-150.5,422.4807042490773,394.7211263850604,442.8751412113476,0.9722539234993136,0.987213160197002,0.8564784967072733,0.9850512438930046,0.8224002704839191,0.5161836835186026,27.759577864016876
-150.0,422.72649445325305,394.5421340799847,442.7615572345787,0.9713097044407151,0.9862310072109426,0.8534958162392988,0.9838756028989232,0.8187357123688577,0.5240824275626895,28.184360373268362
-149.5,422.97173880980824,394.36487158948347,442.64619650941654,0.9703466172772754,0.9852128129124766,0.850487811766389,0.9826558458355149,0.8150403719128473,0.531938856132821,28.606867220324773
-149.0,423.216420992288,394.1893580503755,442.52906561604846,0.9693646731642287,0.9841586243700624,0.8474546973724851,0.981392028580657,0.8113145127828099,0.5397523097966416,29.027062941912504
-148.5,423.46052474949147,394.0156125506468,442.4101712392406,0.9683719266298367,0.9830684909766502,0.8443966888816156,0.9800842098615826,0.8075584007679483,0.5475221314292169,29.44491219884469
-148.0,423.70403390566815,393.8436541279607,442.28952017192216,0.967362117455632,0.9819424645181086,0.8413140039184124,0.9787324513385511,0.8037723038535736,0.5552476662442708,29.860379777707465
-147.5,423.9469323591344,393.6735017681966,442.16711931314455,0.9663334683461147,0.9807805991282789,0.8382068618627649,0.9773368175497614,0.7999564921655222,0.5629282617957598,30.273430590937778
-147.0,424.18920408469495,393.5051744037886,442.0429756651439,0.9652913384294068,0.9795829512450293,0.835075483786671,0.9758973758578737,0.7961112378927855,0.5705632680536977,30.68402968090635
-146.5,424.430833134605,393.3386909121232,441.91709633740004,0.9642348342916142,0.9783495796912535,0.8319200925231511,0.9744141965491308,0.7922368153715957,0.5781520374518689,31.09214222248181
-146.0,424.6718036369715,393.1740701140785,441.78948854620404,0.9631595079140269,0.9770805456591991,0.8287409126512242,0.9728873528140339,0.7883335010669088,0.585693924885271,31.497733522892986
-145.5,424.9120997973099,393.01133077239047,441.660159610454,0.9620680375511788,0.9757759126385989,0.825538170409007,0.9713169206596438,0.7844015734660028,0.5931882877694642,31.90076902491944
-145.0,425.1517059003239,392.85049158996924,441.52911695489126,0.9609648664893821,0.9744357464860085,0.8223120937467587,0.9697029789945264,0.7804413131431532,0.6006344861049053,32.30121431035468
-144.5,425.3906063086755,392.6915712084069,441.39636811122966,0.9598428915561912,0.9730601154402965,0.819062912341117,0.9680456096475645,0.7764530027768843,0.6080318824818967,32.69903510026859
-144.0,425.62878546321065,392.5345882063634,441.2619207141152,0.9587021257017291,0.9716490900475917,0.8157908575113932,0.9663448972762285,0.7724369270474752,0.6153798421147496,33.094197256847224
-143.5,425.8662278854366,392.3795610978473,441.1257825022558,0.9575523167219951,0.970202743194231,0.8124961622327461,0.964600929407108,0.7683933726528912,0.6226777329198542,33.48666678758934
-143.0,426.10291817702443,392.22650833065757,440.9879613210446,0.9563837229036026,0.9687211501538381,0.8091790611782778,0.962813796493414,0.7643226283600851,0.6299249255353597,33.87640984636687
-142.5,426.33884101871257,392.0754482847825,440.8484651195939,0.9551963576862689,0.9672043885262791,0.8058397906556022,0.960983591840242,0.7602249849272912,0.6371207933305952,34.26339273393006
-142.0,426.573981173092,391.92639927067586,440.7073019493515,0.9539972915534605,0.9656525382247192,0.8024785885726714,0.9591104115890305,0.7561007350620708,0.6442647124898953,34.647581902416164
-141.5,426.808323484971,391.7793795276199,440.5644799677353,0.9527821094514551,0.9640656815458108,0.7990956944985276,0.9571943548034051,0.7519501734954152,0.6513560620498583,35.028943957351146
-141.0,427.04185287949673,391.6344072221252,440.42000743666375,0.9515481761257318,0.962443903133155,0.7956913496280938,0.9552355234243172,0.7477735969385401,0.6583942238940951,35.40744565737151
-140.5,427.27455436453,391.49150044621524,440.27389271916485,0.9502999013591157,0.9607872899246117,0.7922657967102046,0.9532340222058735,0.743571303994727,0.6653785828293546,35.78305391831475
-140.0,427.5064130319024,391.3506772157196,440.1261442830979,0.9490381624789773,0.9590959312283357,0.7888192801096854,0.9511899588084178,0.7393435952350432,0.672308526640624,36.15573581618281
-139.5,427.7374140555536,391.2119554686596,439.9767707011866,0.9477576931943295,0.957369918714615,0.7853520458003648,0.9491034437883638,0.7350907731896327,0.6791834460864997,36.52545858689399
-139.0,427.96754269269604,391.0753530635392,439.8257806469133,0.9464602602445747,0.9556093463440213,0.7818643412796974,0.9469745905104776,0.7308131422431695,0.6860027349525979,36.89218962915686
-138.5,428.1967842859846,390.9408877775933,439.67318289698255,0.9451519969679081,0.9538143104240373,0.7783564156069024,0.9448035152173256,0.726511008681305,0.6927657901245465,37.255896508391345
-138.0,428.42512426224283,390.8085773051398,439.5189863328422,0.9438250247408997,0.9519849096317046,0.7748285194238707,0.9425903370568319,0.7221846807160561,0.6994720115948708,37.616546957103026
-137.5,428.65254813206957,390.67843925587124,439.36319993708037,0.9424793587603122,0.950121244943902,0.7712809048792426,0.9403351779970035,0.7178344683928193,0.7061208024874644,37.97410887619833
-137.0,428.8790414926843,390.55049115308464,439.20583279366235,0.9411237315198633,0.94822341965521,0.7677138256245304,0.9380381628480586,0.7134606835854473,0.7127115691434399,38.328550339599644
-136.5,429.1045900275619,390.42475043198294,439.0468940907566,0.9397502902059133,0.9462915394294221,0.7641275368593555,0.9356994193253643,0.7090636400513811,0.7192437211459005,38.67983959557898
-136.0,429.3291795046946,390.3012344379649,438.8863931183322,0.9383581776962568,0.9443257122461087,0.7605222952781433,0.9333190779839309,0.7046436533663077,0.7257166713194212,39.02794506672967
-135.5,429.5527957795573,390.17996042484805,438.7243392660869,0.9369534882728454,0.9423260483755361,0.7568983590227112,0.9308972721880542,0.7002010408660209,0.7321298358182158,39.37283535470925
-135.0,429.7754247957178,390.0609455531209,438.5607420269764,0.9355336125377081,0.9402926604480406,0.7532559877405299,0.928434138196188,0.6957361217174642,0.7384826341700247,39.714479242596894
-134.5,429.9970525825389,389.9442068882222,438.3956109962628,0.9340950887786644,0.9382256634252732,0.7495954425586923,0.9259298151255553,0.6912492168867352,0.7447744892653482,40.052845694316716
-134.0,430.21766525735114,389.82976139876087,438.2289558678931,0.9326413928171685,0.936125174542212,0.7459169860073034,0.9233844448814804,0.6867406490452481,0.7510048274309759,40.38790385859028
-133.5,430.43724902709175,389.7176259547297,438.0607864377145,0.9311751181082272,0.9339913133754486,0.7422208820716499,0.9207981722410364,0.6822107426333271,0.757173078493629,40.719623072362026
-133.0,430.6557901862768,389.6078173257649,437.89111260391394,0.9296902191519268,0.931824201841918,0.7385073961922662,0.9181711448512847,0.6776598238601123,0.7632786757746732,41.04797286051189
-132.5,430.87327511763016,389.5003521793611,437.71994436317124,0.9281875741110812,0.9296239641294027,0.7347767951840738,0.9155035131443823,0.6730882206045241,0.7693210561350008,41.372922938269085
-132.0,431.08969029468835,389.3952470790608,437.5472918122888,0.9266749366285459,0.9273907267394847,0.7310293472585526,0.9127954303903536,0.6684962624421845,0.7752996600570706,41.69444321562753
-131.5,431.30502228058606,389.2925184826863,437.37316515001316,0.9251436992707839,0.9251246185161527,0.7272653220497246,0.9100470527319413,0.6638842806769999,0.781213931655278,42.01250379789974
-131.0,431.5192577269636,389.1921827405471,437.19757467392844,0.9235938794312906,0.9228257705821314,0.7234849905471938,0.9072585391066561,0.6592526082591228,0.7870633186889288,42.327074986416505
-130.5,431.732383377156,389.0942560936163,437.0205307798808,0.9220332010644833,0.9204943163430572,0.7196886250767124,0.9044300512522065,0.6546015797610053,0.7928472726554676,42.63812728353969
-130.0,431.944386066045,388.9987546717313,436.84204396486984,0.9204556628159715,0.91813039154125,0.7158764993461776,0.9015617537722213,0.6499315314334492,0.7985652488211726,42.94563139431369
-129.5,432.1552527177101,388.9056944917916,436.6621248251928,0.9188595675107637,0.9157341342096951,0.7120488884021873,0.8986538140797504,0.6452428011523103,0.8042167062109912,43.24955822591846
-129.0,432.36497034844865,388.8150914559267,436.4807840538608,0.9172500475526068,0.9133056846375893,0.7082060685727306,0.8957064023554558,0.640535728348251,0.8098011076987877,43.549878892521974
-128.5,432.57352606771826,388.7269613496693,436.29803244387017,0.915626246610364,0.9108451854363996,0.704348317520219,0.8927196916284615,0.6358106540713861,0.8153179200587716,43.84656471804897
-128.0,432.78090707551735,388.6413198401401,436.11388088769354,0.9139839146113663,0.908352781517954,0.7004759142233438,0.8896938577493049,0.6310679209689172,0.8207666139506341,44.139587235377235
-127.50000000000001,432.98710066418937,388.55818247420797,435.9283403736486,0.9123256153169503,0.9058286200345205,0.6965891389000077,0.8866290793168654,0.6263078731907292,0.8261466639872467,44.4289181899814
-127.00000000000001,433.1920942205128,388.4775646766427,435.74142198846255,0.910655590535935,0.9032728504369635,0.6926882730469386,0.8835255377496747,0.6215308564376316,0.8314575488078729,44.71452954387007
-126.5,433.39587522362206,388.3994817482841,435.55313691805696,0.908967061264192,0.9006856244797383,0.6887735994458486,0.8803834172918104,0.6167372179686991,0.836698751073576,44.99639347533798
-126.0,433.5984312449717,388.32394886419314,435.3634964440656,0.907260046586777,0.8980670961551275,0.6848454020891233,0.877202904932496,0.6119273065102403,0.8418697575009575,45.27448238077858
-125.5,433.79974995139,388.2509810717921,435.1725119446385,0.9055438374518752,0.8954174217227565,0.6809039661862235,0.8739841904424959,0.6071014722634329,0.8469700589534293,45.5487688795979
-125.00000000000001,433.9998191040304,388.18059328901563,434.9801948964507,0.9038091509497129,0.8927367597425184,0.6769495781928092,0.8707274664142578,0.6022600669397409,0.8519991504562089,45.81922581501476
-124.49999999999999,434.19862655653696,388.11280030245314,434.78655687211415,0.9020560066239179,0.890025271017155,0.672982525753234,0.8674329281915311,0.5974034436904235,0.8569565311966659,46.08582625408383
-124.0,434.39616025851234,388.0476167654799,434.5916095389098,0.9002911331142108,0.8872831185847212,0.6690030976678641,0.8641007738605098,0.5925319570663932,0.8618417046236094,46.34854349303242
-123.5,434.59240825566206,387.9850571963922,434.39536466160956,0.8985103300179079,0.8845104677724194,0.6650115839374612,0.8607312043156572,0.5876459630722823,0.8666541784845994,46.60735105926989
-123.00000000000001,434.7873586869221,387.92513597654005,434.1978341011152,0.8967110972268186,0.8817074861574309,0.6610082757287281,0.8573244232115323,0.5827458191241347,0.8713934648073361,46.86222271038207
-122.50000000000001,434.98099978735945,387.8678673484517,433.9990298115572,0.8948976260972894,0.8788743435259206,0.6569934653108516,0.8538806369129662,0.5778318839716363,0.8760590799883456,47.11313243890777
-122.0,435.17331988953373,387.8132654139557,433.79896384316737,0.8930707476103721,0.8760112119335723,0.6529674461007444,0.8504000545692065,0.5729045177532334,0.8806505448533629,47.36005447557801
-121.5,435.36430742067535,387.76134413230506,433.59764834213456,0.8912254680962818,0.8731182656895763,0.6489305126515156,0.8468828880940543,0.5679640819818453,0.8851673846396344,47.60296328837029
-121.0,435.55395090395245,387.7121173182944,433.3950955471368,0.889363467717502,0.8701956812972669,0.644882960578263,0.8433293520934227,0.5630109394539554,0.8896091290545285,47.84183358565804
-120.50000000000001,435.7422389610606,387.66559864037396,433.19131779117583,0.8874905555847895,0.8672436375008784,0.6408250865837551,0.8397396639227607,0.558045454280814,0.893975312358747,48.076640320686636
-119.99999999999999,435.92916031021247,387.6218016187652,432.9863275026255,0.8855992716235602,0.8642623152958303,0.6367571884693015,0.8361140436994196,0.5530679919015357,0.898265473364008,48.30735869144729
-119.5,436.11470376533464,387.58073962357173,432.7801372021782,0.8836896370388463,0.8612518978674197,0.6326795650683403,0.8324527142276253,0.5480789190017179,0.902479155453208,48.53396414176291
-119.0,436.29885823954953,387.54242587288843,432.5727595028808,0.8817699084421562,0.8582125706078926,0.628592516238202,0.8287559010197015,0.5430786035031794,0.9066159066803412,48.7564323666611
-118.50000000000001,436.4816127443909,387.50687343090925,432.3642071122136,0.879832662818501,0.855144521151918,0.6244963428903634,0.8250238323393568,0.5380674146007528,0.9106752797911108,48.97473931348162
-118.00000000000001,436.6629563872385,387.47409520603463,432.1544928300005,0.8778770967441202,0.8520479393251394,0.6203913469421733,0.8212567391385287,0.5330457227030766,0.9146568322104,49.18886118120389
-117.5,436.84287837495026,387.44410394897557,431.9436295466049,0.8759089632571572,0.8489230171272836,0.6162778312739283,0.8174548550371011,0.5280138993799272,0.9185601261450488,49.39877442597469
-117.0,437.02136801437086,387.41691225085816,431.73163024554805,0.8739257992409769,0.8457699487838959,0.6121560997692755,0.8136184163862074,0.5229723174114181,0.9223847286286125,49.6044557635127
-116.5,437.19841470906033,387.39253254132706,431.51850800256864,0.8719243454620541,0.8425889307132053,0.6080264572885633,0.8097476622273844,0.5179213507552283,0.9261302114957412,49.80588216773327
-116.00000000000001,437.3740079618774,387.37097708664794,431.30427598260064,0.869907879612115,0.8393801614813683,0.603889209602976,0.8058428342381251,0.5128613744658879,0.9297961514655343,50.003030875229456
-115.49999999999999,437.54813737683656,387.3522579878097,431.0889474421239,0.8678788409360234,0.8361438418554866,0.5997446634298718,0.8019041767968809,0.5077927647377861,0.9333821302113449,50.19587938902686
-115.0,437.7207926562151,387.3363871786265,430.87253572931115,0.865831543694102,0.8328801747927611,0.5955931264266191,0.7979319369695059,0.5027158988974431,0.9368877343422852,50.38440547758859
-114.5,437.8919636011298,387.3233764238405,430.65505428083895,0.8637668195349346,0.8295893653831239,0.5914349071215854,0.7939263644391864,0.4976311553189493,0.9403125554492094,50.56858717728932
-114.00000000000001,438.0616401146427,387.3132373172233,430.4365166229811,0.861691950373117,0.8262716208844705,0.5872703149257845,0.7898877115498264,0.4925389134380123,0.9436561901978255,50.74840279741943
-113.5,438.2298121999406,387.3059812796795,430.2169363728217,0.8595988543455391,0.82292715073693,0.5830996601468094,0.7858162333233074,0.4874395537687952,0.9469182403300302,50.92383092026114
-113.0,438.39646995870385,387.30161955735025,429.9963272356519,0.8574875547492433,0.8195561665061488,0.5789232539308542,0.7817121873899882,0.48233345783284665,0.9500983126688911,51.0948504013536
-112.5,438.5616035949547,387.300163219718,429.7747030043396,0.8553652923900354,0.8161588818895372,0.574741408241914,0.777575833996732,0.4772210081334786,0.9531960192254361,51.2614403752367
-112.0,438.7252034146163,387.30161955735025,429.55207756135803,0.8532264426708507,0.8127355127524106,0.5705544189350588,0.773407436051045,0.4721025670958847,0.9562110441736636,51.42358385726607
-111.5,438.88725982229926,387.3059812796795,429.32846487714676,0.8510694220269365,0.809286277081975,0.5663625148521263,0.769207259064495,0.46697841373621096,0.9591433446558971,51.58127854261977
-111.0,439.04776332492116,387.3132373172233,429.10387900793853,0.8488990341417624,0.80581139496344,0.5621659086542204,0.7649755711238803,0.4618488069046995,0.9619929499849612,51.734526007697866
-110.5,439.20670453265944,387.3233764238405,428.8783340980575,0.8467144762243151,0.8023110886277984,0.5579648138299387,0.7607126429497354,0.45671400644520466,0.9647598946787246,51.883328108818944
-110.0,439.3640741554215,387.3363871786265,428.65184437930907,0.8445117805190486,0.7987855824237069,0.5537594446928052,0.7564187478615959,0.45157427319224946,0.9674442183592049,52.027686976794996
-109.50000000000001,439.51986300491717,387.35225798780965,428.42442416801447,0.842293345054904,0.7952351027713866,0.5495500163343491,0.7520941617218554,0.44642986891385517,0.9700459657558304,52.16760501710752
-109.0,439.6740619970604,387.37097708664794,428.19608786674866,0.8400631248162536,0.7916598782066706,0.5453367446657595,0.7477391629898544,0.4412810563626596,0.9725651867148668,52.30308491041245
-108.5,439.8266621491442,387.39253254132706,427.9668499647055,0.8378148004160099,0.7880601393745766,0.5411198464337188,0.7433540327137379,0.43612809929546575,0.9750019361115378,52.43412960781717
-108.0,439.97765457960327,387.41691225085816,427.73672503485307,0.8355483967881026,0.7844361189746034,0.5368995391757426,0.7389390544635553,0.43097126241883826,0.9773562738103678,52.56074232874511
-107.5,440.127030511617,387.44410394897557,427.505727734326,0.8332725604754383,0.7807880517850871,0.5326760412365088,0.7344945143614034,0.42581081140925925,0.9796282646968745,52.682926562641455
-107.0,440.2747812715883,387.4740952060346,427.27387280570036,0.8309786541138686,0.7771161746800628,0.5284495718008153,0.730020701101883,0.42064701295361223,0.9818179786140124,52.80068606555375
-106.5,440.4208982866806,387.50687343090925,427.04117507482306,0.8286667030834647,0.7734207265767618,0.5242203508616292,0.7255179058876667,0.41548013471031536,0.9839254902810398,52.914024855771345
-106.0,440.56537308892285,387.54242587288843,426.80764944964767,0.826342957418153,0.7697019484330184,0.5199885992070764,0.7209864224267434,0.4103104452936108,0.9859508793346307,53.022947216034424
-105.5,440.70819731517696,387.58073962357173,426.57331092209694,0.8240035161855701,0.7659600832822067,0.5157545384644645,0.7164265469751274,0.4051382143275735,0.9878942302930165,53.12745769160523
-105.00000000000001,440.84936270341575,387.6218016187651,426.33817456680583,0.8216460653280019,0.7621953761920319,0.5115183910855322,0.7118385782861014,0.3999637124282739,0.9897556324515118,53.22756108465063
-104.5,440.988861096114,387.665598640374,426.1022555387463,0.819274492024426,0.7584080742357489,0.5072803803106165,0.7072228175753754,0.3947872111601637,0.9915351799103571,53.32326245574001
-104.0,441.1266844417181,387.7121173182944,425.86556907510646,0.8168895633595677,0.7545984265344914,0.5030407302129555,0.7025795685729855,0.3896089830904294,0.9932329715669286,53.414567123423694
-103.5,441.26282479101167,387.76134413230506,425.62813049492513,0.8144866605977805,0.7507666842332663,0.4987996657007244,0.6979091374935752,0.38443601714172726,0.9948277994028196,53.50148065870661
-103.0,441.3972742984986,387.81326541395566,425.38995519630726,0.8120673428219531,0.7469131004550182,0.4945574124734669,0.6932118329803815,0.379301116164205,0.9962165408909122,53.584008884542925
-102.5,441.53002522536934,387.8678673484517,425.1510586575195,0.8096369745063047,0.7430379303352244,0.4903141970516075,0.6884879661478284,0.3742085678714643,0.9973865760291957,53.66215787691766
-102.0,441.66106993687833,387.92513597654,424.9114564374888,0.8071886681061283,0.7391414310189512,0.4860702467947305,0.6837378505776621,0.36915829887375,0.9983391328974709,53.73593396033834
-101.5,441.790400901213,387.9850571963922,424.6711641733243,0.8047224506494552,0.7352238616088344,0.481825789863763,0.6789618022552412,0.3641502303613681,0.9990754644040982,53.805343704820814
-101.0,441.918010693535,388.04761676548,424.4301975800916,0.8022459306331036,0.7312854831798623,0.4775810552255552,0.6741601395880208,0.3591842782387164,0.9995968479193049,53.87039392805502
-100.50000000000001,442.04389199485075,388.11280030245314,424.1885724520436,0.7997522692013195,0.7273265587972503,0.4733362726849116,0.6693331834272894,0.35426035328901373,0.999904584821387,53.931091692397615
-100.0,442.16803758877495,388.18059328901563,423.9463046608396,0.7972407336630757,0.7233473534676328,0.4690916728598781,0.664481257008171,0.3493783612712713,0.9999999999985583,53.98744429975932
-99.5,442.2904403657351,388.2509810717921,423.70341015398935,0.7947166148880139,0.7193481341295708,0.464847487161221,0.6596046859384485,0.34453820302266325,0.9998844414886016,54.03945929394297
-99.0,442.41109332340386,388.3239488641931,423.4599049564515,0.7921776473734015,0.7153291696856924,0.46060394783132336,0.6547037982379011,0.33973977462821664,0.9995592800651848,54.087144459210776
-98.5,442.5299895626401,388.3994817482841,423.21580516967146,0.7896208431924207,0.711290730965449,0.4563612879348624,0.6497789242923584,0.3349829675334592,0.9990259087345532,54.13050781435601
-98.0,442.647122290426,388.4775646766427,422.97112696915974,0.7870492125731893,0.7072330906933336,0.4521197413219352,0.6448303968151478,0.3302676686261547,0.9982857423537893,54.1695576137833
-97.5,442.76248482190886,388.55818247420797,422.72588660587627,0.7844649882707323,0.7031565235245731,0.4478795426628444,0.6398585508909361,0.32559376039795324,0.9973402172569381,54.20430234770089
-97.0,442.8760705768158,388.6413198401401,422.4801004060329,0.7818629652358738,0.6990613060245198,0.44364092745314704,0.6348637239501693,0.3209611210706975,0.9961907907730476,54.234750736675664
-96.5,442.9878730800041,388.7269613496693,422.2337847685579,0.7792439111683648,0.6949477166234856,0.439404131974582,0.6298462557139156,0.31636962467377616,0.9948389408056407,54.26091173033478
-96.00000000000001,443.09788596497526,388.8150914559267,421.98695616557495,0.7766144797268139,0.6908160356423114,0.4351693933127256,0.6248064882254795,0.31181914118341514,0.9932861654909926,54.282794509048585
-95.5,443.2061029715752,388.9056944917916,421.73963114294315,0.7739672879857525,0.6866665452917012,0.43093694937585963,0.6197447658493561,0.3073095366612419,0.9915339827550703,54.300408479783584
-95.0,443.31251794394996,388.99875467173126,421.49182631813335,0.7713023651098381,0.6824995296226039,0.4267070388636369,0.6146614352103617,0.30284067333786124,0.9895839298551249,54.313763272218694
-94.5,443.41712483492006,389.0942560936163,421.2435583794927,0.768626311798006,0.6783152745329495,0.42247990126177004,0.6095568452023172,0.2984124097242309,0.9874375630537935,54.32286874130375
-94.0,443.5199177053108,389.19218274054714,420.99484408733395,0.7659340018696363,0.674114067785013,0.41825577687115134,0.6044313470092053,0.294024600757884,0.9850964572221926,54.327734964763636
-93.5,443.6208907200731,389.2925184826864,420.7457002724797,0.763224000211104,0.6698961989597332,0.4140349067890686,0.5992852940489312,0.2896770978972656,0.9825622053620594,54.3283722373867
-93.0,443.72003815237724,389.3952470790608,420.49614383445663,0.7605006768127274,0.6656619594419633,0.4098175328836613,0.5941190419557079,0.28536974920902675,0.9798364182728149,54.32479107331642
-92.5,443.8173543845686,389.5003521793611,420.2461917427491,0.7577632996033802,0.661411642448595,0.4056038978260283,0.5889329486145355,0.2811023995137292,0.9769207241985827,54.31700220520753
-92.0,443.9128339039479,389.6078173257649,419.9958610360438,0.7550082705860488,0.6571455429944547,0.40139424508456567,0.5837273741190798,0.27687489049087305,0.9738167683612019,54.30501657818297
-91.5,444.00647130505456,389.7176259547297,419.7451688198834,0.7522377694327531,0.6528639578588533,0.39718881888922675,0.578502680731011,0.2726870607531386,0.9705262125955747,54.288845350324834
-91.0,444.09826129229884,389.82976139876087,419.494132267517,0.7494553762564293,0.6485671856140036,0.39298786425585297,0.5732592329150135,0.26853874598040783,0.9670507350354459,54.26849989353798
-90.5,444.1881986765775,389.9442068882222,419.2427686197964,0.7466553717214857,0.6442555266071293,0.38879162699276626,0.5679973973165678,0.26442977903400916,0.9633920296803296,54.24399178835529
-90.0,444.276278374893,390.06094555312086,418.9910951829148,0.7438377867272323,0.6399292829160764,0.3846062931795874,0.562717542707649,0.2603657467555921,0.9595335366390112,54.215332821772165
-89.5,444.362495414358,390.17996042484805,418.7391293283311,0.741010429330054,0.6355887583667368,0.380452840745374,0.5574200400084323,0.25636626041897453,0.9554141953693548,54.182534989509975
-89.0,444.4468449303212,390.3012344379649,418.4868884932632,0.7381655015620336,0.6312342585335243,0.3763330302741808,0.552105262287686,0.2524319560115471,0.9510331714816228,54.1456104923563
-88.5,444.5293221634503,390.42475043198294,418.2343901788789,0.735303034807258,0.626866090691551,0.37224680258803394,0.5467735847040094,0.2485617149319826,0.9463952055223058,54.10457173146733
-88.0,444.60992246429515,390.5504911530846,417.98165194916936,0.7324286588491467,0.6224845638169004,0.3681940955844919,0.5414253845066312,0.24475443923351084,0.9415049791240351,54.059431311210574
-87.5,444.6886412931168,390.6784392558713,417.7286914318152,0.7295388606064147,0.6180899886021333,0.3641748443397181,0.536061041054349,0.24100905130032677,0.9363671160926282,54.010202037245506
-87.0,444.7654742155608,390.80857730513975,417.47552631697783,0.7266315654072345,0.6136826774131421,0.36018898117284254,0.5306809357623417,0.23732449349160745,0.9309861833680324,53.95689691042105
-86.5,444.84041690639265,390.9408877775933,417.2221743553705,0.723710267468221,0.6092629442704071,0.35623643569719665,0.5252854520796365,0.2336997277786381,0.9253666921044175,53.89952912879937
-86.0,444.91346515102884,391.0753530635391,416.96865335911275,0.7207756520181632,0.6048311048723105,0.35231713492146477,0.5198749755177667,0.23013373543301882,0.91951309875062,53.83811208748972
-85.5,444.98461484133327,391.2119554686596,416.7149812010979,0.7178235822148595,0.6003874765634039,0.34843100332342597,0.5144498936115499,0.226625516693745,0.9134298059822137,53.77265937267367
-85.0,445.0538619770774,391.35067721571954,416.46117581279714,0.7148554605922616,0.5959323782999439,0.3445779628956155,0.5090105958771036,0.22317409041396052,0.9071211636893204,53.703184761357875
-84.5,445.12120266915076,391.49150044621524,416.20725518458323,0.7118760817514037,0.5914661306710876,0.3407579332352313,0.5035574738380849,0.2197784937529749,0.9005914700372885,53.62970222293552
-84.0,445.1866331365098,391.6344072221252,415.9532373656445,0.7088792917503116,0.5869890558829178,0.3369708316263097,0.49809092100585023,0.2164377818656205,0.8938449723895733,53.552225914384564
-83.5,445.25014970482687,391.7793795276198,415.69914046198835,0.7058651238054431,0.5825014777144626,0.33321657308802444,0.49261133282555053,0.21315102756645768,0.8868858682023344,53.470770177207044
-83.0,445.311748810887,391.92639927067586,415.4449826358979,0.7028403586923574,0.5780037215281658,0.3294950704478796,0.4871191066893811,0.20991732102142438,0.8797183060450554,53.385349540211166
-82.5,445.37142700121495,392.0754482847825,415.1907821062978,0.699798903512973,0.5734961142703234,0.3258062344301322,0.4816146419369735,0.20673576945744654,0.8723463865233575,53.295978716432444
-82.0,445.42918092839494,392.22650833065757,414.936557147201,0.6967401147103498,0.5689789844244715,0.322149973710795,0.4760983397980389,0.20360549684768947,0.8647741630958509,53.202672597737376
-81.5,445.4850073556329,392.3795610978472,414.682326086309,0.6936686948172436,0.5644526620065274,0.31852619497481366,0.47057060338689194,0.20052564360415012,0.8570056430323348,53.10544625778567
-81.0,445.53890315711647,392.5345882063634,414.42810730559114,0.690582630144772,0.5599174785773722,0.3149348030063074,0.46503183771786993,0.19749536630352316,0.8490447883327135,53.00431495075304
-80.5,445.59086531344917,392.6915712084069,414.173919240239,0.6874792768083763,0.5553737672016745,0.31137570075100474,0.4594824496545298,0.1945138373939188,0.8408955164965188,52.89929410504226
-80.0,445.64089091479775,392.85049158996924,413.9197803767209,0.684361305367248,0.5508218624260467,0.3078487893631839,0.45392284788326465,0.1915802448938172,0.8325617013945708,52.79039932482851
-79.5,445.6889771630215,393.01133077239047,413.66570925320366,0.6812306876108121,0.5462621002970254,0.30435396829129785,0.44835344293550183,0.18869379212860884,0.8240471741755295,52.677646390631025
-79.0,445.73512136764936,393.1740701140785,413.4117244589729,0.6780828268119726,0.5416948183312085,0.3008911353468369,0.4427746471507857,0.18585369745763078,0.8153557240150052,52.56105125357084
-78.5,445.7793209464025,393.3386909121232,413.15784463241624,0.6749184090412376,0.5371203554797108,0.2974601867490791,0.43718687463337763,0.18305919398634085,0.8064910988912602,52.44063003427931
-78.0,445.82157342892685,393.5051744037886,412.90408846086416,0.6717432953979704,0.5325390521427605,0.2940610171993357,0.43159054127048124,0.18030952930791605,0.7974570064631019,52.31639902513825
-77.5,445.8618764541873,393.6735017681966,412.65047468044986,0.6685509850215524,0.527951250154773,0.29069351995541437,0.4259860647137284,0.1776039652495557,0.7882571148162514,52.18837468599071
-77.0,445.9002277681716,393.8436541279607,412.3970220743417,0.6653415136217012,0.5233572927402469,0.287357586879346,0.4203738643250298,0.17494177760190638,0.7788950531501848,52.0565736402109
-76.5,445.9366252285421,394.0156125506468,412.1437494718293,0.6621206767321487,0.5187575245184635,0.2840531084979298,0.41475436118279263,0.17232225586393793,0.769374412607518,51.921012677895305
-76.0,445.97106680380523,394.1893580503755,411.89067574849713,0.6588839755489295,0.5141522915028224,0.28077997408034966,0.4091279780810244,0.16974470300610384,0.7596987470227898,51.78170875342971
-75.5,446.003550569049,394.3648715894835,411.6378198248549,0.6556301609342047,0.5095419410549897,0.27753807169110395,0.40349513947284477,0.16720843521840786,0.7498715735427189,51.6386789795655
-75.0,446.03407471027197,394.5421340799847,411.3852006647716,0.6523630588148583,0.5049268218757778,0.27432728823897023,0.3978562714597767,0.16471278166032186,0.7398963733858723,51.491940630287274
-74.5,446.0626375253063,394.7211263850604,411.1328372757247,0.6490820265603157,0.5003072840141768,0.27114750955378514,0.39221180180288284,0.16225708423721574,0.7297765925875211,51.34151114024587
-74.0,446.08923741921103,394.9018293207418,410.8807487078388,0.6457839292246244,0.495683678827566,0.2679986204444777,0.3865626041616169,0.1598406973665052,0.7195170525633316,51.187408098469234
-73.5,446.11387290664356,395.08422365739614,410.628954051995,0.6424706730798302,0.4910563589572549,0.2648805047419318,0.38094100730707164,0.1574629877368125,0.7092223606746337,51.02964924924743
-73.0,446.1365426145743,395.2682901211036,410.3774724398187,0.6391453705395691,0.48642567834104256,0.26179304536971715,0.3753668265984413,0.15512333409325835,0.698957373875616,50.86825249347072
-72.5,446.15724527859004,395.4540093953305,410.1263230430887,0.6358030520600897,0.4817919921846736,0.2587361244063583,0.369840125910326,0.15282112702050965,0.6887242288966683,50.70323588325954
-72.0,446.1759797424226,395.64136212245444,409.875525071893,0.6324437554703305,0.47715565692487966,0.25570962312788226,0.3643609573492163,0.15055576871533483,0.6785249882695251,50.534617619968174
-71.5,446.1927449621111,395.8303289050664,409.6250977740572,0.629074244572377,0.472517030238218,0.2527134220683253,0.35892936151849286,0.14832667277731695,0.668361641832446,50.3624160570447
-71.0,446.20754000392185,396.02089030757463,409.3750604348832,0.6256877677042808,0.4678764710263415,0.24974740108525031,0.35354536775448736,0.14613326400752444,0.6582361081183019,50.18664969634722
-70.5,446.22036404119945,396.21302685777795,409.1254323755601,0.6222843633106657,0.4632343393712421,0.24681143940505998,0.3482089943284007,0.14397497819632427,0.6481502356687655,50.0073371834215
-70.0,446.23121635910195,396.4067190481523,408.8762329519759,0.618868890652061,0.4585909965351656,0.2439054156729619,0.3429202487017024,0.14185126191908606,0.6381058044931847,49.82449731094965
-69.5,446.2400963543232,396.6019473373183,408.6274815546484,0.6154383194304011,0.45394680495799805,0.24102920801933542,0.3376791277772552,0.1397615723481505,0.6281045274622733,49.638149017004935
-69.0,446.2470035304792,396.7986921516682,408.37919760746814,0.6119908721493073,0.4493021282118597,0.23818269410884163,0.33248561810150934,0.1377053770561339,0.6181480515740153,49.44831137881101
-68.5,446.25193750195467,396.9969338866841,408.1314005660489,0.6085295560076853,0.44465733098814497,0.23536575118256908,0.32733969610491204,0.13568215381839233,0.6082379593435123,49.255003615270596
-68.0,446.2548979954093,397.1966529082364,407.8841099176283,0.6050549558566811,0.4400127791027482,0.2325782561218909,0.3222413283614115,0.13369139043533473,0.598375770190439,49.05824508717291
-67.5,446.255881282337,397.3978295542449,407.6373451801218,0.601563532035263,0.4353688226772556,0.22982008550086297,0.3171904533103143,0.13173258455029419,0.5885628830101385,48.85805172809211
-67.0,446.25489799540935,397.6004441360562,407.39112590031897,0.59805649345515,0.4307258800116352,0.2270911156252436,0.31218707391778167,0.12980524346181824,0.5788008708367542,48.65445385935317
-66.5,446.25193750195467,397.80447693959826,407.14547165346755,0.594537931305088,0.42608426979211034,0.22439122258992922,0.3072310730608824,0.1279088839530844,0.5690908954936024,48.44746056235641
-66.0,446.2470035304792,398.0099082270121,406.9004020426134,0.5910025988408589,0.4214443788630135,0.22172028233398947,0.30232239862408894,0.1260430321233256,0.5594342955441975,48.23709530346713
-65.5,446.2400963543232,398.21671823810254,406.65593669690065,0.587450536864268,0.4168065782881014,0.2190781706802727,0.2974609712697869,0.1242072232121425,0.5498322941533855,48.02337811622067
-65.0,446.23121635910195,398.42488719142824,406.412095270664,0.5838875061839174,0.4121712401344387,0.2164647633844634,0.2926467031795009,0.12240100143428956,0.5402860590881886,47.80632916767371
-64.50000000000001,446.2203640411994,398.6343952858018,406.1688974429959,0.5803083346522455,0.40753873745714614,0.21387993619152035,0.28787949828498094,0.1206239198232404,0.530796703947628,47.58596875539757
-63.999999999999986,446.20754000392185,398.84522270183015,405.926362916276,0.5767124886729458,0.40290944425358777,0.21132356487760862,0.2831592524667566,0.11887554006822999,0.5213652893100074,47.3623173020917
-63.50000000000002,446.1927449621111,399.05734960302004,405.68451141479284,0.5731039473949241,0.3982837354591316,0.2087955252916167,0.27848585379549723,0.1171554323546744,0.5119928240053234,47.135395359091035
-63.0,446.17597974242267,399.2707561370679,405.44336268440156,0.5694810081846641,0.393661986942008,0.20629569341082019,0.2738591827699195,0.11546317521784569,0.502680266334654,46.90522360535476
-62.50000000000001,446.15724527859004,399.4854224374833,405.2029364913123,0.5658414506761248,0.38904457545818466,0.2038239453854785,0.26927911251262593,0.11379835539234798,0.4934285251693625,46.671822841106746
-62.000000000000014,446.13654261457424,399.7013286247705,404.96325262041466,0.5621875287656569,0.3844385819442935,0.20138015757555494,0.2647520646721055,0.11216056765970153,0.48425926602589126,46.43521398980374
-61.49999999999999,446.11387290664356,399.91845480748884,404.7243308748307,0.5585208952231311,0.37986969875168997,0.19896420660298708,0.2603022496581335,0.11054941470986922,0.4752505831399497,46.19541809915472
-61.0,446.08923741921103,400.1367810839111,404.48619107493056,0.5548377006701187,0.37534041109205735,0.19657596939831118,0.25593070005641927,0.10896450700221127,0.4664069897241057,45.95245633529993
-60.5,446.06263752530623,400.35628754331043,404.24885305661394,0.5511385315076316,0.3708507119933727,0.1942153232361772,0.25163602010377095,0.10740546262225491,0.4577252682620085,45.7063499819958
-59.999999999999986,446.034074710272,400.5769542668603,404.0123366705423,0.5474282790891782,0.36640058808346837,0.19188214578174584,0.247416838753261,0.10587190714899555,0.44920225589499707,45.457120443411725
-59.500000000000014,446.003550569049,400.79876132921515,403.7766617813618,0.5437015241432922,0.36199001973457656,0.18957631513869,0.2432718093653183,0.10436347352638733,0.4408348438495929,45.20478923983387
-58.99999999999999,445.9710668038052,401.0216887999187,403.54184826610356,0.5399583108250179,0.3576189811946781,0.1872977098857009,0.23919960938388035,0.10287980193030544,0.4326199768319516,44.949378003886466
-58.5,445.9366252285421,401.2457167442691,403.307916013017,0.5362034511342741,0.35328744075809354,0.18504620911661274,0.23519894004755854,0.10142053964099935,0.42455465251600477,44.690908484272995
-58.00000000000001,445.9002277681716,401.47082522467736,403.07488492093034,0.5324332147783278,0.34899536091967687,0.18282169248841756,0.2312685260824281,0.09998534092373017,0.41663592094731394,44.429402543494234
-57.499999999999986,445.8618764541874,401.69699430221544,402.842774897838,0.5286465805808246,0.34474269849987027,0.18062404025969875,0.22740711536654,0.09857386690606873,0.4088608838677794,44.16488215197194
-57.000000000000014,445.8215734289268,401.92420403754585,402.6116058593987,0.5248467112605477,0.34052940480609895,0.1784531333258095,0.22361347862773134,0.0971857854560188,0.40122669414340495,43.89736939138095
-56.5,445.77932094640244,402.15243449198124,402.3813977283105,0.5210330749819887,0.3363554257933859,0.17630885326515433,0.21988640913928356,0.09582077107021451,0.3937305551532628,43.6268864544212
-56.0,445.7351213676493,402.3816657291387,402.1521704330838,0.5172031027361309,0.3322207021899271,0.17419108237941583,0.2162247223835767,0.09447850476099721,0.3863697200804463,43.35345563851058
-55.50000000000001,445.6889771630215,402.61187781600654,401.9239439063731,0.5133583684693994,0.32812516964500776,0.17209970372629244,0.2126272557369785,0.09315867394146284,0.37914149127685476,43.07709934701495
-54.999999999999986,445.6408909147977,402.84305082371776,401.6967380842024,0.5095014164429753,0.3240687588925295,0.1700346011621399,0.20909286816880765,0.0918609723195885,0.37204321964382975,42.797840091079934
-54.49999999999999,445.59086531344917,403.0751648292186,401.47057290489965,0.5056281917342816,0.3200513958815104,0.16799565938342156,0.20562043991163165,0.0905850997942744,0.36507230391574075,42.51570048423059
-54.0,445.5389031571164,403.30819991649616,401.2454683074416,0.5017387414385848,0.31607300190995835,0.1659827639593867,0.20220887213657818,0.089330762348441,0.35822618996882805,42.230703240620244
-53.50000000000001,445.4850073556329,403.54213617720256,401.02144423039505,0.49783856071843996,0.3121334937869307,0.1639958013699951,0.19885708665482582,0.08809767194804798,0.35150237019433345,41.94287117843032
-53.000000000000014,445.429180928395,403.7769537121573,400.79852061098615,0.4939221720824406,0.30823278396974235,0.1620346590477546,0.19556402559889502,0.08688554644613923,0.3448983827915754,41.65222721623769
-52.49999999999999,445.37142700121495,404.0126326327599,400.5767173835538,0.48998962350932995,0.30437078068625256,0.16009922541160915,0.19232865109380184,0.08569410948438692,0.33841181103679047,41.35879436845505
-52.0,445.3117488108871,404.2491530616291,400.35605447818944,0.48604483984971203,0.30054738809117115,0.15818938990063247,0.1891499449600285,0.08452309039698144,0.33204028264550167,41.06259574925798
-51.5,445.25014970482687,404.48649513376984,400.1365518198736,0.4820853789769876,0.29676250640885415,0.15630504301497078,0.18602690840707092,0.08337222412147645,0.3257814690829109,40.76365457105703
-51.00000000000001,445.18663313650984,404.72463899817285,399.9182293270667,0.47810982540162306,0.29301603204943655,0.15444607635134114,0.18295856170771566,0.08224125110862905,0.3196330848163229,40.46199413833699
-50.500000000000014,445.12120266915076,404.9635648185918,399.7011069101285,0.474120597007758,0.2893078577546959,0.15261238263397583,0.1799439439008064,0.08112991723175916,0.31359288665950935,40.157637850558956
-49.99999999999999,445.0538619770774,405.2032527743111,399.48520447041847,0.47011815895883013,0.28563787274405317,0.15080385575336636,0.1769821124968779,0.080037973703226,0.3076586731035859,39.85060920276629
-49.5,444.98461484133327,405.44368306186436,399.2705418990083,0.4660996971048509,0.28200596283042406,0.149020390803016,0.17407214316244865,0.0789651769919598,0.30182828357681246,39.540931779468906
-49.00000000000001,444.9134651510289,405.68483589601874,399.05713907502445,0.46206618716887476,0.2784120105522053,0.14726188410964403,0.17121312942172714,0.07791128873919598,0.29609959776536154,39.22862925501016
-48.499999999999986,444.8404169063927,405.92669151022244,398.8450158645868,0.45802087059910596,0.27485589531982435,0.14552823326863593,0.16840418237364949,0.07687607567959208,0.2904705349656588,38.913725396170264
-48.000000000000014,444.76547421556086,406.16923015827933,398.63419211962804,0.4539596008669844,0.2713374935347173,0.14381933718145723,0.1656444303903851,0.07585930956572413,0.28493905336718667,38.596244057281524
-47.5,444.6886412931168,406.4124321155615,398.4246876762694,0.4498824293213465,0.26785667870745367,0.14213509608653774,0.16293301881970917,0.07486076709072492,0.27950314935345644,38.2762091775553
-47.0,444.60992246429515,406.656277679351,398.2165223535311,0.44579388521575225,0.26441332160143516,0.14047541159143728,0.16026910971190655,0.07388022981376079,0.27416085687182334,37.953644784944174
-46.50000000000001,444.5293221634503,406.9007471702183,398.0097159522276,0.44168991192136103,0.2610072903559805,0.1388401867099199,0.15765188153426812,0.07291748409054627,0.26891024674793873,37.62857499323195
-45.999999999999986,444.44684493032116,407.14582093349304,397.80428825342597,0.43757011030801424,0.2576384505935842,0.13722932589423012,0.15508052887788246,0.07197232100298663,0.26374942597851775,37.30102399682812
-45.49999999999999,444.362495414358,407.39147933969645,397.60025901694655,0.4334375876213545,0.2543066655569647,0.1356427350648975,0.1525542621923681,0.07104453628929869,0.2586765371112609,36.97101607466158
-45.0,444.2762783748931,407.63770278544945,397.39764798027306,0.4292910192448953,0.25101179623501896,0.13408032164639783,0.1500723075161008,0.07013393027959201,0.2536897575931495,36.63857558944363
-44.50000000000001,444.1881986765775,407.88447169517224,397.1964748571013,0.42512869799831443,0.24775370146482303,0.13254199460088092,0.1476339061927701,0.06924030783223754,0.2487872990728576,36.30372698140525
-44.000000000000014,444.09826129229873,408.1317665217447,396.996759335708,0.4209523769026863,0.24453223805749338,0.13102766445701083,0.14523831461121753,0.06836347826919555,0.24396740678035234,35.96649477055405
-43.49999999999999,444.00647130505456,408.37956774692185,396.7985210777964,0.41676332634810376,0.2413472609255317,0.12953724334338973,0.14288480395076392,0.06750325531590352,0.23922835890944263,35.62690355813271
-43.0,443.9128339039479,408.62785588313807,396.60177971711755,0.4125586004203872,0.2381986231842985,0.1280706450232801,0.14057265991172585,0.06665945704380447,0.23456846594494601,35.28497802080983
-42.5,443.81735438456855,408.87661147445283,396.40655485781144,0.40833866723228135,0.23508617626429215,0.126627784923882,0.1383011824592111,0.06583190581144124,0.22998607003654703,34.940742910115716
-42.00000000000001,443.72003815237736,409.12581509664994,396.2128660731066,0.4041072520972865,0.23200977003777956,0.12520858016727687,0.13606968558228147,0.0650204282082735,0.22547954441278534,34.59422305572741
-41.500000000000014,443.62089072007313,409.37544735888764,396.02073290400295,0.3998602412318045,0.22896925292228812,0.12381294960537817,0.13387749704060528,0.06422485500263908,0.22104729274218857,34.245443361185494
-40.99999999999999,443.5199177053107,409.62548890495515,395.83017485764447,0.39559769088456154,0.2259644719799983,0.12244081385047634,0.1317239581132571,0.06344502108884251,0.21668774850398956,33.89442880035557
-40.5,443.41712483492006,409.8759204133418,395.64121140585195,0.3913232315691736,0.22299527304082453,0.12109209530438197,0.12960842336979145,0.06268076543508533,0.21239937442686016,33.54120442157824
-40.00000000000001,443.3125179439499,410.12672259842583,395.4538619838362,0.3870340605849566,0.22006150080833597,0.11976671819256718,0.12753026043339016,0.061931931036004834,0.20818066188786521,33.18579534552407
-39.499999999999986,443.20610297157515,410.37787621206274,395.2681459886247,0.38272943319135433,0.21716299894982444,0.1184646085963404,0.12548884973760763,0.06119836486572599,0.20403013028947006,32.828226759512404
-38.99999999999999,443.09788596497515,410.6293620438472,395.08408277745843,0.37841171693829245,0.2142996102121703,0.11718569448126993,0.12348358430676294,0.0604799178303259,0.19994632651345787,32.46852392112794
-38.5,442.9878730800041,410.88116092168457,394.90169166648866,0.3740805160252507,0.2114711765291941,0.11592990572972954,0.12151386953478918,0.05977644472428093,0.19592782435731063,32.10671215831951
-38.0,442.87607057681583,411.13325371363464,394.7209919292528,0.36973394416706723,0.2086775391077136,0.11469717417453434,0.11957912295384757,0.059087804189159356,0.1919732239309829,31.74281686318119
-37.50000000000001,442.76248482190886,411.38562132850336,394.5420027950008,0.3653731783972823,0.2059185385321702,0.11348743362782525,0.11767877402118256,0.05841385867110027,0.1880811511154155,31.376863493405494
-36.999999999999986,442.647122290426,411.6382447158542,394.3647434473184,0.36100008342232015,0.20319401487251157,0.11230061991170966,0.11581226391287144,0.05775447438081231,0.18425025703493292,31.008877574571784
-36.49999999999999,442.5299895626401,411.8911048678991,394.1892330226408,0.35661170546815035,0.20050380776994314,0.11113667089279719,0.11397904530680365,0.05710952125737733,0.1804792174833851,30.638884694740966
-36.0,442.41109332340386,412.14418282046046,394.0154906085704,0.35220810511030665,0.19784775652890127,0.10999552651239668,0.11217858217500598,0.056478872931042895,0.17676673238315832,30.266910502943404
-35.50000000000001,442.29044036573504,412.3974596527208,393.8435352423869,0.3477932579343966,0.19522570022373012,0.10887712881578424,0.11041034959082748,0.05586240668692463,0.17311152528845658,29.892980713014254
-35.000000000000014,442.168037588775,412.65091648878956,393.6733859095853,0.3433632183604356,0.19263747778589863,0.10778142198662953,0.10867383352724014,0.05526000343316039,0.16951234284626027,29.517121099985445
-34.49999999999999,442.04389199485075,412.9045344990723,393.5050615422157,0.3389180482883041,0.1900829280847695,0.1067083523790363,0.10696853065557502,0.05467154766914687,0.16596795425840508,29.139357495778427
-34.0,441.91801069353505,413.1582949000975,393.33858101728003,0.3344605550059433,0.1875618900304319,0.10565786854644363,0.10529394816402224,0.054096927453380066,0.16247715080764016,28.75971579343758
-33.5,441.790400901213,413.4121789554302,393.17396315527213,0.3299890047277638,0.1850742026624692,0.10462992127501228,0.1036496035709467,0.05353603437527887,0.15903874535459278,28.378221945782798
-33.00000000000001,441.66106993687833,413.6661679774391,393.01122671854307,0.32550241863389767,0.18261970522348248,0.10362446361761511,0.10203502453256566,0.052988763528773276,0.1556515718112399,27.994901959439233
-32.500000000000014,441.5300252253694,413.920243327438,392.8503904096185,0.3210025113985912,0.18019823725448697,0.10264145092345943,0.10044974867000502,0.052455013484771155,0.15231448467943837,27.609781897931384
-31.999999999999993,441.3972742984985,414.17438641584397,392.69147286970593,0.3164896081139372,0.17780963868461602,0.10168084086997113,0.09889332339680813,0.05193468626627065,0.1490263585824951,27.222887882654504
-31.5,441.26282479101167,414.4285787041935,392.53449267708055,0.3119617665952904,0.1754537499020363,0.10074259349841198,0.09736530573836874,0.051427687326986306,0.1457860877599569,26.834246086818155
-31.000000000000007,441.1266844417181,414.6828017057243,392.37946834536604,0.30741968625536276,0.17313041183869324,0.09982667124509569,0.09586526216508917,0.05093392552881797,0.14259258560963078,26.44388273599384
-30.499999999999986,440.98886109611396,414.9370369849514,392.22641832197706,0.30286559479794745,0.17083946606033867,0.09893303897205029,0.09439276843323513,0.05045331312032186,0.13944478425084958,26.051824111162546
-29.999999999999993,440.8493627034158,415.191266159614,392.07536098651735,0.2982966657133707,0.1685807548376511,0.0980616640034851,0.09294740941757351,0.049985765719828504,0.13634163404691335,25.658096543801832
-29.499999999999996,440.708197315177,415.4454709017202,391.92631464905617,0.2937129658805454,0.16635412121984186,0.09721251615911025,0.09152877895002297,0.04953120229810095,0.13328210314807146,25.26272641345679
-29.000000000000004,440.56537308892285,415.6996329369688,391.77929754849157,0.28911755490239377,0.16415940912339697,0.09638556778464354,0.09013647967233211,0.04908954516070037,0.13026517707995097,24.86574015195407
-28.500000000000007,440.42089828668065,415.9537340461475,391.63432785095006,0.2845077137410918,0.1619964634046037,0.09558079378797932,0.08877012288223099,0.04866071993486842,0.12728985829693787,24.46716424053318
-27.99999999999999,440.2747812715883,416.2077560666877,391.4914236480713,0.2798832071219295,0.15986512992408308,0.09479817167495218,0.08742932837861014,0.048244655557493354,0.12435516572903278,24.06702520490063
-27.499999999999993,440.1270305116169,416.4616808922979,391.3506029553014,0.27524610353491913,0.15776525563169702,0.09403768158084813,0.08611372432390206,0.047841284261967605,0.12146013438681783,23.665349619318988
-27.0,439.97765457960327,416.715490473507,391.211883710278,0.27059553379582024,0.15569668864034714,0.09329930630549826,0.08482294710316475,0.04745054156835437,0.1186038149454558,23.262164106096293
-26.500000000000007,439.82666214914417,416.9691668196609,391.0752837711222,0.2659304072271933,0.15365927828560028,0.09258303135143701,0.08355664117809954,0.047072366276583566,0.11578527330299915,22.857495329483243
-26.00000000000001,439.67406199706033,417.22269199900893,390.94082091468647,0.26125188196244,0.1516528752032767,0.09188884495738518,0.08231445895646734,0.046706700458308735,0.11300359019181644,22.451369998051405
-25.499999999999993,439.5198630049171,417.4760481383795,390.8085128349059,0.2565607755443965,0.14967733140432868,0.09121673813221373,0.08109606066348292,0.04635348945031316,0.11025786079137956,22.043814866537616
-24.999999999999996,439.36407415542146,417.7292174253763,390.6783771410916,0.25185522440118574,0.14773250033327934,0.09056670469497931,0.0799011142066,0.046012681852625345,0.10754719430513103,21.634856730045158
-24.500000000000004,439.20670453265944,417.98218210901103,390.5504313561588,0.24713555881785787,0.14581823693629334,0.08993874131097666,0.0787292950501764,0.04568422952569566,0.10487071357168552,21.22452242364841
-24.000000000000007,439.0477633249211,418.23492449884867,390.42469291492955,0.24240411642058474,0.14393439773653313,0.08933284752542822,0.07758028609830195,0.04536808758753528,0.10222755470205622,20.812838826072436
-23.500000000000014,438.8872598222992,418.4874269669364,390.3011791624223,0.2376583450201697,0.1420808408935037,0.08874902580434274,0.07645377757118642,0.0450642144161722,0.09961686667956932,20.399832855362774
-22.999999999999993,438.7252034146164,418.7396719490124,390.17990735207445,0.2328983187347114,0.14025742626192114,0.08818728157348288,0.07534946688490449,0.04477257165235534,0.09703781096964512,19.98553146560397
-22.5,438.5616035949546,418.9916419436398,390.0608946439952,0.22812626287450755,0.13846401546595935,0.0876476232531862,0.07426705854417993,0.04449312420125035,0.09448956117415973,19.56996165131477
-22.000000000000007,438.39646995870385,419.2433195133333,389.9441581032445,0.22334048489181269,0.13670047196023255,0.08713006229883494,0.07320626403034124,0.04422584023860362,0.09197130265630284,19.153150445370557
-21.50000000000001,438.2298121999406,419.4946872863679,389.8297146980534,0.21854057326521747,0.13496666108204425,0.0866346132429745,0.07216680168737688,0.04397069121915566,0.08948223215226615,18.735124913572747
-20.999999999999993,438.0616401146427,419.7457279562858,389.7175812980372,0.21372795165358216,0.1332624501219492,0.08616129373242877,0.0711483966226265,0.043727651883602295,0.08702155743398839,18.315912158356923
-20.499999999999996,437.89196360112976,419.9964242819724,389.60777467245543,0.20890239054652543,0.13158770838626266,0.08571012456788196,0.07015078060576055,0.04349670026827348,0.08458849695784422,17.895539319157365
-20.000000000000004,437.7207926562151,420.2467590899171,389.50031148842686,0.2040628210030937,0.12994230724662822,0.0852811297488949,0.06917369196316334,0.04327781771919668,0.0821822794848306,17.474033566298033
-19.500000000000007,437.5481373768365,420.49671527431724,389.3952083091189,0.1992099511144026,0.12832612020384046,0.08487433651415745,0.06821687548425384,0.04307098890488665,0.07980214374268052,17.05142210251927
-18.99999999999999,437.37400796187745,420.7462757962281,389.29248159197954,0.19434484055955192,0.1267390229518888,0.08448977538056426,0.06728008233103569,0.04287620182986959,0.07744733809589403,16.627732165649377
-18.499999999999993,437.19841470906033,420.99542368590807,389.1921476869449,0.18946585089526524,0.1251808934277108,0.0841274801903806,0.06636306994212855,0.042693447854102465,0.07511712017954701,16.202991023152265
-18.0,437.0213680143708,421.2441420435757,389.0942228346157,0.1845730625649143,0.12365161186704263,0.08378748815501261,0.06546560194360948,0.04252272171193453,0.07281075655616445,15.777225970795087
-17.500000000000007,436.84287837495026,421.4924140381543,388.99872316445783,0.1796686469031491,0.12215106086928296,0.08346983989496269,0.06458744806826451,0.042364021530398796,0.07052752240141102,15.350464336795937
-17.00000000000001,436.6629563872384,421.74022290907897,388.90566469300023,0.1747504857345789,0.12067912544895862,0.08317457948779812,0.06372838406976211,0.04221734885340597,0.06826670115493359,14.922733478159444
-16.499999999999993,436.4816127443909,421.98755196775227,388.81506332200297,0.16981866144879082,0.11923569308457699,0.08290175451574462,0.0628881916382684,0.042082708667220366,0.06602758417171109,14.494060776638605
-15.999999999999996,436.29885823954953,422.2343845964539,388.72693483663033,0.16487465632808207,0.11782065378267315,0.08265141610807827,0.06206665832801116,0.04196010942457287,0.06380947041564984,14.064473643095653
-15.500000000000004,436.1147037653345,422.4807042490773,388.64129490363575,0.15991758355096058,0.11643390013139229,0.08242361898877415,0.06126357748143233,0.04184956307322007,0.061611666128242516,13.633999516257234
-15.000000000000009,435.92916031021247,422.72649445325305,388.55815906952193,0.15494698769905163,0.11507532734525003,0.08221842152801102,0.06047874815097911,0.04175108508820325,0.05943348447799042,13.202665856959413
-14.500000000000014,435.7422389610606,422.97173880980824,388.47754275869374,0.1499637517735899,0.11374483332580586,0.08203588578814229,0.05971197503309946,0.041664694502651665,0.05727424525317803,12.77050015125235
-13.999999999999995,435.5539509039525,423.216420992288,388.3994612716274,0.14496803903076688,0.11244231871736561,0.08187607757083326,0.05896306840199839,0.04159041394086094,0.05513327454666742,12.33752991166449
-13.5,435.3643074206753,423.46052474949147,388.3239297830213,0.13995894791259783,0.11116768695107175,0.08173906647202824,0.058231844039295926,0.04152826965736001,0.05300990440868165,11.90378267118382
-13.000000000000005,435.1733198895337,423.70403390566815,388.2509633399368,0.13493685380486803,0.10992084429983391,0.08162492593217814,0.05751812317274792,0.04147829157506745,0.05090347253123964,11.469285983865518
-12.50000000000001,434.98099978735945,423.9469323591344,388.1805768599487,0.12990278496333713,0.10870169993613367,0.0815337332837567,0.05682173241924832,0.04144051332369342,0.04881332194539885,11.034067428225057
-11.999999999999991,434.78735868692206,424.18920408469495,388.11278512928817,0.12485548726922496,0.10751016597761381,0.08146556980862124,0.05614250372330163,0.04141497228535506,0.04673880068122995,10.598154602227112
-11.499999999999996,434.592408255662,424.430833134605,388.04760280097355,0.11979505029223059,0.10634615753584788,0.0814205207927613,0.05548027429996019,0.04140170964057869,0.04467926144073374,10.161575121057012
-11.000000000000004,434.3961602585123,424.6718036369715,387.9850443929458,0.11472279371368754,0.10520959277541163,0.08139867557602805,0.05483488658626992,0.04140077041340841,0.042634061300595535,9.724356621540778
-10.500000000000009,434.1986265565369,424.9120997973099,387.9251242862011,0.10963759101291243,0.10410039296202628,0.08140012761027973,0.054206188188870796,0.04141220352307561,0.04060256138191534,9.286526759227002
-9.99999999999999,433.9998191040304,425.1517059003239,387.86785672291546,0.10453940575271059,0.10301848250666427,0.08142497451897908,0.05359403183178483,0.041436061838442215,0.03858412651173026,8.848113203706475
-9.499999999999995,433.7997499513901,425.3906063086755,387.8132558045669,0.09942907872015755,0.10196378902420196,0.08147331815071054,0.05299827531505755,0.04147240223112099,0.036578124923179564,8.409143642714582
-9.0,433.5984312449718,425.62878546321065,387.7613354900592,0.09430628595768226,0.10093624338429734,0.081545264637201,0.05241878147132317,0.041521285633160813,0.03458392793459344,7.96964578176113
-8.500000000000005,433.39587522362206,425.8662278854366,387.71210959384,0.08917067258543498,0.09993577975386402,0.08164092445766769,0.05185541811997664,0.04158277710036491,0.03260090960311018,7.529647338185441
-8.00000000000001,433.1920942205128,426.10291817702443,387.66559178401405,0.08402269601574641,0.09896233565285815,0.08176041249719988,0.05130805803138196,0.04165694587452984,0.03062844641356951,7.089176043488351
-7.499999999999991,432.98710066418937,426.33884101871257,387.6217955804589,0.07886264201672527,0.09801585200805556,0.08190384810486341,0.05077657889226829,0.04174386544780172,0.028665916964455834,6.648259645476799
-6.999999999999997,432.78090707551735,426.573981173092,387.5807343529368,0.0736899347586179,0.09709627319662578,0.08207135516206789,0.05026086326765431,0.041843613635037864,0.026712701617418434,6.206925902425326
-6.500000000000003,432.57352606771826,426.808323484971,387.5424213192022,0.06850474577174809,0.09620354709749529,0.08226306214633865,0.04976079856956643,0.041956272646053235,0.024768182168717554,5.765202582747236
-6.000000000000009,432.36497034844854,427.04185287949673,387.5068695431115,0.06330777375337243,0.09533762514786526,0.0824791021909834,0.04927627703098596,0.04208192915809263,0.022831741536548718,5.323117468951807
-5.4999999999999885,432.15525271771,427.27455436453,387.47409193272904,0.05809832140468629,0.0944984623894847,0.08271961315596899,0.04880719567626887,0.0422206743970649,0.020902763409365806,4.880698353180037
-4.999999999999995,431.94438606604507,427.5064130319024,387.4441012384318,0.052876488591773296,0.09368601751585406,0.082984737697377,0.04835345629440457,0.04237260422065773,0.0189806318972455,4.437973034142658
-4.5,431.732383377156,427.7374140555536,387.41691005101404,0.04764284195239937,0.09290025293050178,0.08327462333070988,0.047914965420813915,0.04253781920080099,0.017064731212419287,3.9949693216024116
-4.000000000000005,431.5192577269636,427.96754269269604,387.39253079979085,0.042397008398247116,0.09214113479668078,0.08358942250260944,0.04749163431654576,0.042716424713619625,0.015154445317780863,3.551715034267545
-3.500000000000011,431.30502228058606,428.1967842859846,387.3709757507002,0.03713897554998219,0.09140863308226921,0.08392929266623816,0.04708337894704634,0.0429085310343582,0.013249157558259894,3.1082379946014385
-2.9999999999999916,431.08969029468824,428.42512426224283,387.3522570044058,0.03186905521002331,0.0907027216180992,0.08429439634981055,0.04669011997075399,0.043114253431558634,0.011348250325747346,2.664566032445407
-2.4999999999999973,430.8732751176301,428.65254813206957,387.33638649439905,0.026587219952220187,0.09002337815117374,0.08468490122850983,0.04631178272704605,0.043333712266257325,0.00945110470603552,2.220726985560532
-2.0000000000000027,430.6557901862768,428.8790414926843,387.323375985101,0.021293372573137848,0.08937058439013831,0.08510098020546905,0.04594829722209316,0.043567033099472935,0.007557100092806097,1.7767486935925376
-1.5000000000000084,430.4372490270918,429.1045900275619,387.3132370699651,0.015987671540863002,0.08874432606155964,0.08554281148649766,0.04559959812303588,0.043814346799614386,0.005665613828282757,1.3326589995298832
-0.9999999999999887,430.21766525735114,429.3291795046946,387.30598116958015,0.010670230230349964,0.08814459296686279,0.08601057865290582,0.045265624754765345,0.04407578965233048,0.003776020844399422,0.8884857526565497
-0.49999999999999434,429.9970525825388,429.5527957795573,387.301619529774,0.005340970157078462,0.08757137903048147,0.08650447074697731,0.04494632109403991,0.044351503481021834,0.0018876932616762538,0.4442568029814993
0.0,429.7754247957178,429.7754247957178,387.300163219718,4.440892098500626e-16,0.08702468235328438,0.08702468235328438,0.044641635768824746,0.044641635768824815,-2.202104137338988e-16,0.0
0.49999999999999434,429.5527957795573,429.9970525825389,387.30161952977403,0.005340970157078406,0.08650447074697792,0.08757137903048201,0.04435150348102204,0.04494632109404032,-0.0018876932616768926,-0.44425680298161296
0.9999999999999887,429.3291795046946,430.21766525735114,387.30598116958015,0.010670230230349631,0.08601057865290582,0.08814459296686279,0.044075789652330416,0.045265624754765414,-0.0037760208443998406,-0.8884857526565497
1.5000000000000084,429.104590027562,430.43724902709175,387.31323706996506,0.015987671540863058,0.08554281148649712,0.08874432606155903,0.043814346799614046,0.04559959812303561,-0.005665613828282978,-1.3326589995297695
2.0000000000000027,428.87904149268434,430.6557901862768,387.32337598510094,0.02129337257313796,0.08510098020546851,0.08937058439013777,0.043567033099472526,0.045948297222092954,-0.007557100092806736,-1.7767486935924808
2.4999999999999973,428.6525481320695,430.87327511763016,387.33638649439905,0.026587219952220187,0.08468490122850983,0.09002337815117374,0.04333371226625719,0.04631178272704619,-0.009451104706036379,-2.2207269855606455
2.9999999999999916,428.42512426224283,431.08969029468835,387.3522570044058,0.031869055210023534,0.08429439634981055,0.0907027216180992,0.04311425343155857,0.04669011997075406,-0.011348250325747765,-2.6645660324455207
3.500000000000011,428.1967842859846,431.30502228058606,387.37097575070027,0.03713897554998208,0.0839292926662387,0.09140863308226921,0.04290853103435847,0.04708337894704647,-0.013249157558259455,-3.1082379946014385
4.000000000000005,427.96754269269604,431.5192577269636,387.3925307997908,0.042397008398247116,0.0835894225026089,0.09214113479668017,0.042716424713619285,0.04749163431654549,-0.015154445317781083,-3.551715034267545
4.5,427.7374140555537,431.732383377156,387.41691005101404,0.04764284195239937,0.08327462333071042,0.09290025293050178,0.0425378192008012,0.047914965420814054,-0.017064731212419065,-3.994969321602298
4.999999999999995,427.5064130319024,431.944386066045,387.44410123843176,0.05287648859177313,0.08298473769737645,0.09368601751585352,0.04237260422065732,0.04835345629440444,-0.018980631897246383,-4.437973034142601
5.4999999999999885,427.27455436453,432.1552527177101,387.474091932729,0.058098321404686126,0.08271961315596796,0.09449846238948416,0.04222067439706422,0.0488071956762686,-0.020902763409367104,-4.880698353180094
6.000000000000009,427.0418528794968,432.36497034844865,387.5068695431115,0.06330777375337249,0.0824791021909834,0.0953376251478658,0.04208192915809257,0.0492762770309863,-0.022831741536549995,-5.323117468951864
6.500000000000003,426.80832348497097,432.57352606771826,387.5424213192023,0.06850474577174825,0.08226306214633926,0.09620354709749639,0.041956272646053505,0.04976079856956711,-0.02476818216871885,-5.765202582747293
6.999999999999997,426.573981173092,432.78090707551735,387.58073435293676,0.07368993475861774,0.08207135516206733,0.09709627319662469,0.041843613635037455,0.05026086326765377,-0.026712701617418014,-6.206925902425326
7.499999999999991,426.3388410187126,432.98710066418937,387.6217955804589,0.078862642016725,0.08190384810486341,0.09801585200805556,0.041743865447801586,0.05077657889226843,-0.02866591696445669,-6.648259645476742
8.00000000000001,426.1029181770245,433.1920942205128,387.66559178401405,0.0840226960157463,0.08176041249719988,0.09896233565285815,0.0416569458745297,0.05130805803138203,-0.030628446413570168,-7.089176043488294
8.500000000000005,425.8662278854365,433.39587522362206,387.71210959384007,0.08917067258543515,0.08164092445766823,0.09993577975386517,0.04158277710036511,0.05185541811997739,-0.03260090960311192,-7.529647338185555
9.0,425.62878546321065,433.5984312449717,387.7613354900592,0.09430628595768226,0.081545264637201,0.10093624338429734,0.04152128563316068,0.05241878147132331,-0.0345839279345943,-7.9696457817610735
9.499999999999995,425.3906063086755,433.79974995139,387.81325580456684,0.09942907872015766,0.08147331815070952,0.10196378902420135,0.04147240223112037,0.052998275315057276,-0.03657812492318067,-8.409143642714525
9.99999999999999,425.1517059003239,433.9998191040304,387.8678567229155,0.10453940575271042,0.08142497451897908,0.10301848250666489,0.04143606183844208,0.0535940318317853,-0.038584126511732174,-8.848113203706475
10.500000000000009,424.9120997973099,434.19862655653696,387.9251242862011,0.10963759101291215,0.08140012761027973,0.10410039296202628,0.04141220352307547,0.054206188188870935,-0.04060256138191622,-9.286526759227058
11.000000000000004,424.6718036369715,434.39616025851234,387.9850443929457,0.11472279371368743,0.08139867557602805,0.10520959277541102,0.041400770413408276,0.05483488658626965,-0.0426340613005951,-9.724356621540835
11.499999999999996,424.43083313460494,434.59240825566206,388.0476028009736,0.1197950502922307,0.0814205207927613,0.10634615753584842,0.04140170964057856,0.05548027429996067,-0.04467926144073568,-10.161575121057126
11.999999999999991,424.1892040846949,434.7873586869221,388.1127851292881,0.12485548726922502,0.08146556980862076,0.1075101659776132,0.04141497228535472,0.05614250372330143,-0.046738800681230395,-10.598154602227225
12.50000000000001,423.94693235913434,434.98099978735945,388.18057685994864,0.12990278496333696,0.08153373328375615,0.10870169993613313,0.041440513323693015,0.05682173241924819,-0.04881332194539971,-11.034067428225114
13.000000000000005,423.7040339056681,435.17331988953373,388.2509633399368,0.13493685380486803,0.0816249259321776,0.10992084429983452,0.041478291575067106,0.057518123172748466,-0.05090347253124248,-11.469285983865632
13.5,423.46052474949147,435.36430742067535,388.3239297830213,0.13995894791259772,0.08173906647202824,0.11116768695107175,0.041528269657359944,0.05823184403929606,-0.053009904408682286,-11.903782671183876
13.999999999999995,423.2164209922881,435.55395090395245,388.39946127162733,0.14496803903076694,0.08187607757083279,0.112442318717365,0.0415904139408606,0.05896306840199819,-0.05513327454666787,-12.337529911664376
14.500000000000014,422.97173880980824,435.7422389610606,388.47754275869374,0.14996375177358984,0.08203588578814229,0.11374483332580586,0.041664694502651665,0.0597119750330996,-0.057274245253178466,-12.77050015125235
15.000000000000009,422.726494453253,435.92916031021247,388.5581590695219,0.15494698769905196,0.08221842152801055,0.11507532734524942,0.04175108508820298,0.0604787481509789,-0.05943348447799062,-13.20266585695947
15.500000000000004,422.48070424907735,436.11470376533464,388.64129490363575,0.15991758355096047,0.0824236189887747,0.11643390013139229,0.04184956307322021,0.06126357748143247,-0.061611666128242516,-13.63399951625729
15.999999999999996,422.2343845964539,436.29885823954953,388.72693483663033,0.1648746563280819,0.08265141610807827,0.11782065378267315,0.041960109424572734,0.062066658328011295,-0.06380947041565073,-14.064473643095653
16.499999999999993,421.98755196775227,436.4816127443909,388.81506332200297,0.16981866144879076,0.08290175451574462,0.11923569308457699,0.04208270866722023,0.06288819163826855,-0.06602758417171196,-14.494060776638605
17.00000000000001,421.740222909079,436.6629563872385,388.9056646930003,0.1747504857345787,0.08317457948779867,0.12067912544895923,0.04221734885340618,0.06372838406976267,-0.06826670115493469,-14.9227334781595
17.500000000000007,421.49241403815427,436.84287837495026,388.99872316445783,0.1796686469031491,0.08346983989496269,0.12215106086928296,0.04236402153039866,0.06458744806826464,-0.07052752240141187,-15.350464336795994
18.0,421.2441420435757,437.02136801437086,389.0942228346157,0.1845730625649143,0.08378748815501261,0.12365161186704263,0.04252272171193447,0.06546560194360969,-0.07281075655616531,-15.777225970795143
18.499999999999993,420.9954236859081,437.19841470906033,389.1921476869449,0.18946585089526524,0.08412748019038115,0.1251808934277108,0.04269344785410267,0.06636306994212876,-0.07511712017954701,-16.202991023152208
18.99999999999999,420.746275796228,437.3740079618774,389.2924815919795,0.19434484055955165,0.08448977538056372,0.12673902295188819,0.04287620182986925,0.06728008233103548,-0.07744733809589445,-16.627732165649377
19.500000000000007,420.4967152743173,437.54813737683656,389.3952083091189,0.1992099511144026,0.08487433651415745,0.12832612020384107,0.04307098890488658,0.06821687548425426,-0.07980214374268206,-17.05142210251927
20.000000000000004,420.246759089917,437.7207926562151,389.5003114884268,0.20406282100309375,0.08528112974889429,0.12994230724662761,0.04327781771919627,0.06917369196316306,-0.08218227948483102,-17.47403356629809
20.499999999999996,419.9964242819724,437.8919636011298,389.60777467245543,0.20890239054652532,0.08571012456788196,0.13158770838626327,0.04349670026827341,0.07015078060576103,-0.08458849695784598,-17.89553931915742
20.999999999999993,419.7457279562858,438.0616401146427,389.7175812980372,0.21372795165358238,0.08616129373242877,0.1332624501219492,0.043727651883602225,0.07114839662262663,-0.08702155743398904,-18.315912158356923
21.50000000000001,419.4946872863679,438.2298121999406,389.8297146980534,0.21854057326521742,0.0866346132429745,0.13496666108204425,0.043970691219155526,0.07216680168737702,-0.08948223215226701,-18.735124913572747
22.000000000000007,419.24331951333323,438.39646995870385,389.9441581032445,0.22334048489181263,0.08713006229883494,0.13670047196023255,0.04422584023860349,0.07320626403034138,-0.0919713026563037,-19.153150445370613
22.5,418.99164194363976,438.5616035949547,390.06089464399514,0.2281262628745075,0.0876476232531851,0.13846401546595866,0.04449312420124967,0.07426705854417966,-0.094489561174161,-19.56996165131494
22.999999999999993,418.7396719490123,438.7252034146163,390.17990735207445,0.23289831873471123,0.08818728157348232,0.14025742626192114,0.044772571652355,0.07534946688490468,-0.09703781096964681,-19.985531465604026
23.500000000000014,418.48742696693637,438.88725982229926,390.3011791624223,0.23765834502016958,0.0887490258043422,0.1420808408935037,0.04506421441617186,0.07645377757118661,-0.09961686667957101,-20.399832855362888
24.000000000000007,418.23492449884867,439.04776332492116,390.42469291492955,0.24240411642058496,0.08933284752542822,0.14393439773653313,0.04536808758753514,0.07758028609830216,-0.10222755470205733,-20.812838826072493
24.500000000000004,417.98218210901103,439.20670453265944,390.55043135615875,0.24713555881785804,0.08993874131097619,0.14581823693629264,0.04568422952569526,0.07872929505017613,-0.10487071357168597,-21.22452242364841
24.999999999999996,417.72921742537636,439.3640741554215,390.6783771410916,0.25185522440118563,0.09056670469497985,0.14773250033328,0.046012681852625546,0.07990111420660062,-0.10754719430513238,-21.634856730045158
25.499999999999993,417.4760481383795,439.51986300491717,390.80851283490597,0.2565607755443964,0.09121673813221488,0.14967733140432934,0.04635348945031364,0.08109606066348346,-0.11025786079137975,-22.043814866537673
26.00000000000001,417.222691999009,439.6740619970604,390.94082091468636,0.26125188196243987,0.09188884495738402,0.15165287520327533,0.046706700458308055,0.08231445895646673,-0.11300359019181666,-22.451369998051405
26.500000000000007,416.9691668196609,439.8266621491442,391.07528377112226,0.2659304072271936,0.09258303135143817,0.15365927828560164,0.047072366276584114,0.08355664117810055,-0.11578527330300062,-22.8574953294833
27.0,416.715490473507,439.97765457960327,391.211883710278,0.27059553379582024,0.09329930630549826,0.15569668864034714,0.04745054156835423,0.08482294710316489,-0.11860381494545669,-23.262164106096293
27.499999999999993,416.4616808922979,440.127030511617,391.3506029553013,0.2752461035349194,0.09403768158084752,0.15776525563169702,0.0478412842619672,0.08611372432390225,-0.12146013438681971,-23.6653496193191
27.99999999999999,416.2077560666877,440.2747812715883,391.49142364807136,0.2798832071219294,0.09479817167495333,0.15986512992408378,0.04824465555749383,0.08742932837861082,-0.12435516572903342,-24.06702520490063
28.500000000000007,415.9537340461475,440.4208982866806,391.63432785095006,0.2845077137410917,0.09558079378797932,0.16199646340460302,0.048660719934868354,0.0887701228822308,-0.12728985829693745,-24.467164240533123
29.000000000000004,415.6996329369688,440.56537308892285,391.77929754849157,0.2891175549023937,0.09638556778464354,0.16415940912339697,0.049089545160700306,0.09013647967233232,-0.13026517707995183,-24.86574015195407
29.499999999999996,415.4454709017202,440.70819731517696,391.92631464905617,0.2937129658805454,0.09721251615911025,0.1663541212198411,0.04953120229810088,0.0915287789500227,-0.13328210314807085,-25.262726413456733
29.999999999999993,415.191266159614,440.84936270341575,392.0753609865173,0.2982966657133707,0.0980616640034851,0.16858075483764973,0.049985765719828365,0.09294740941757283,-0.13634163404691163,-25.658096543801776
30.499999999999986,414.9370369849515,440.988861096114,392.2264183219771,0.30286559479794734,0.0989330389720509,0.17083946606033934,0.050453313120322064,0.09439276843323574,-0.13944478425085086,-26.051824111162546
31.000000000000007,414.6828017057243,441.1266844417181,392.37946834536604,0.30741968625536276,0.09982667124509569,0.17313041183869324,0.0509339255288179,0.09586526216508937,-0.14259258560963162,-26.44388273599384
31.5,414.42857870419357,441.26282479101167,392.5344926770805,0.3119617665952905,0.10074259349841137,0.17545374990203488,0.051427687326985896,0.09736530573836806,-0.14578608775995605,-26.834246086818098
31.999999999999993,414.17438641584386,441.3972742984986,392.691472869706,0.31648960811393717,0.10168084086997113,0.17780963868461663,0.05193468626627051,0.09889332339680881,-0.14902635858249771,-27.22288788265473
32.500000000000014,413.920243327438,441.5300252253694,392.8503904096185,0.32100251139859104,0.10264145092345943,0.18019823725448697,0.052455013484771024,0.10044974867000529,-0.15231448467943964,-27.609781897931384
33.00000000000001,413.6661679774391,441.66106993687833,393.01122671854307,0.325502418633898,0.10362446361761511,0.18261970522348248,0.052988763528773145,0.10203502453256594,-0.1556515718112412,-27.994901959439233
33.5,413.41217895543014,441.790400901213,393.1739631552721,0.32998900472776366,0.10462992127501172,0.18507420266246852,0.05353603437527846,0.10364960357094644,-0.15903874535459325,-28.378221945782855
34.0,413.1582949000974,441.918010693535,393.33858101728003,0.33446055500594307,0.10565786854644363,0.1875618900304319,0.05409692745337993,0.1052939481640225,-0.16247715080764144,-28.75971579343758
34.49999999999999,412.9045344990723,442.04389199485075,393.5050615422157,0.338918048288304,0.1067083523790363,0.1900829280847695,0.05467154766914673,0.1069685306555753,-0.1659679542584064,-29.139357495778427
35.000000000000014,412.65091648878956,442.16803758877495,393.6733859095853,0.3433632183604352,0.10778142198662953,0.19263747778589863,0.05526000343316026,0.10867383352724042,-0.16951234284626157,-29.51712109998539
35.50000000000001,412.3974596527208,442.2904403657351,393.8435352423869,0.3477932579343965,0.10887712881578424,0.19522570022373012,0.0558624066869245,0.11041034959082775,-0.17311152528845788,-29.89298071301431
36.0,412.1441828204605,442.41109332340386,394.0154906085704,0.35220810511030665,0.10999552651239729,0.19784775652890127,0.056478872931043166,0.11217858217500624,-0.1767667323831583,-30.266910502943347
36.49999999999999,411.8911048678991,442.5299895626401,394.1892330226408,0.3566117054681503,0.11113667089279719,0.20050380776994314,0.0571095212573772,0.11397904530680393,-0.18047921748338638,-30.638884694740966
36.999999999999986,411.63824471585417,442.647122290426,394.36474344731835,0.36100008342231993,0.11230061991170905,0.20319401487251076,0.057754474380811764,0.11581226391287118,-0.1842502570349338,-31.00887757457184
37.50000000000001,411.38562132850336,442.76248482190886,394.5420027950008,0.3653731783972823,0.11348743362782525,0.2059185385321702,0.0584138586711002,0.11767877402118282,-0.18808115111541657,-31.376863493405494
38.0,411.13325371363464,442.8760705768158,394.7209919292528,0.3697339441670673,0.11469717417453434,0.2086775391077136,0.059087804189159224,0.11957912295384783,-0.19197322393098418,-31.742816863181133
38.5,410.88116092168457,442.9878730800041,394.90169166648866,0.37408051602525083,0.11592990572972954,0.2114711765291941,0.05977644472428079,0.12151386953478945,-0.1959278243573119,-32.10671215831951
38.99999999999999,410.6293620438472,443.09788596497526,395.08408277745843,0.3784117169382927,0.11718569448126993,0.21429961021217106,0.06047991783032577,0.12348358430676376,-0.19994632651346086,-32.46852392112805
39.499999999999986,410.37787621206274,443.20610297157515,395.2681459886246,0.38272943319135433,0.11846460859633919,0.21716299894982288,0.06119836486572517,0.12548884973760682,-0.20403013028947017,-32.828226759512404
40.00000000000001,410.12672259842583,443.31251794394996,395.45386198383613,0.38703406058495626,0.11976671819256657,0.22006150080833597,0.061931931036004285,0.12753026043339052,-0.20818066188786813,-33.18579534552413
40.5,409.8759204133418,443.41712483492006,395.64121140585195,0.39132323156917337,0.12109209530438197,0.22299527304082453,0.06268076543508526,0.1296084233697918,-0.21239937442686152,-33.54120442157824
40.99999999999999,409.62548890495515,443.5199177053108,395.83017485764447,0.3955976908845613,0.12244081385047634,0.2259644719799983,0.06344502108884237,0.13172395811325743,-0.21668774850399106,-33.89442880035563
41.500000000000014,409.37544735888764,443.6208907200731,396.0207329040029,0.39986024123180436,0.12381294960537756,0.22896925292228654,0.06422485500263854,0.13387749704060448,-0.22104729274218773,-34.24544336118544
42.00000000000001,409.12581509665,443.72003815237724,396.2128660731066,0.40410725209728665,0.12520858016727687,0.23200977003777876,0.06502042820827336,0.1360696855822812,-0.2254795444127849,-34.59422305572724
42.5,408.87661147445283,443.8173543845685,396.40655485781144,0.4083386672322814,0.126627784923882,0.23508617626429215,0.0658319058114411,0.13830118245921144,-0.22998607003654853,-34.94074291011566
43.0,408.62785588313807,443.9128339039479,396.6017797171176,0.412558600420387,0.1280706450232801,0.2381986231842985,0.06665945704380433,0.14057265991172618,-0.2345684659449475,-35.28497802080983
43.49999999999999,408.37956774692185,444.00647130505456,396.7985210777964,0.41676332634810387,0.12953724334338973,0.2413472609255317,0.06750325531590338,0.14288480395076425,-0.23922835890944413,-35.62690355813271
44.000000000000014,408.13176652174474,444.09826129229884,396.996759335708,0.42095237690268617,0.13102766445701083,0.24453223805749422,0.06836347826919541,0.14523831461121853,-0.24396740678035594,-35.96649477055411
44.50000000000001,407.88447169517224,444.18819867657754,397.1964748571013,0.4251286979983146,0.13254199460088092,0.24775370146482303,0.0692403078322374,0.14763390619277042,-0.2487872990728591,-36.303726981405305
45.0,407.6377027854494,444.276278374893,397.39764798027306,0.42929101924489543,0.13408032164639783,0.25101179623501896,0.0701339302795918,0.1500723075161012,-0.25368975759315143,-36.63857558944363
45.49999999999999,407.39147933969645,444.362495414358,397.60025901694655,0.43343758762135465,0.1356427350648975,0.2543066655569647,0.07104453628929855,0.15255426219236848,-0.25867653711126254,-36.97101607466158
45.999999999999986,407.14582093349304,444.4468449303212,397.80428825342597,0.437570110308014,0.13722932589423012,0.2576384505935842,0.07197232100298649,0.15508052887788287,-0.26374942597851947,-37.30102399682818
46.50000000000001,406.9007471702183,444.5293221634503,398.00971595222757,0.4416899119213608,0.1388401867099199,0.26100729035597875,0.07291748409054613,0.15765188153426718,-0.2689102467479362,-37.62857499323195
47.0,406.656277679351,444.60992246429515,398.21652235353116,0.44579388521575214,0.1404754115914379,0.264413321601436,0.073880229813761,0.16026910971190766,-0.2741608568718262,-37.953644784944174
47.5,406.4124321155615,444.6886412931168,398.42468767626934,0.4498824293213466,0.14213509608653774,0.26785667870745367,0.07486076709072478,0.16293301881970965,-0.2795031493534584,-38.2762091775553
48.000000000000014,406.1692301582793,444.7654742155608,398.63419211962804,0.4539596008669845,0.14381933718145723,0.2713374935347173,0.07585930956572394,0.16564443039038548,-0.28493905336718856,-38.596244057281524
48.499999999999986,405.9266915102224,444.84041690639265,398.84501586458674,0.4580208705991059,0.14552823326863462,0.27485589531982346,0.07687607567959105,0.1684041823736492,-0.29047053496566116,-38.913725396170264
49.00000000000001,405.68483589601874,444.91346515102884,399.05713907502445,0.46206618716887493,0.14726188410964403,0.2784120105522053,0.07791128873919585,0.17121312942172756,-0.29609959776536326,-39.228629255010105
49.49999999999997,405.44368306186436,444.98461484133327,399.2705418990083,0.4660996971048509,0.149020390803016,0.28200596283042406,0.0789651769919596,0.17407214316244907,-0.30182828357681446,-39.540931779468906
49.99999999999999,405.2032527743111,445.0538619770774,399.4852044704184,0.47011815895883,0.15080385575336566,0.28563787274405317,0.08003797370322546,0.17698211249687837,-0.30765867310358913,-39.85060920276629
50.500000000000014,404.96356481859186,445.12120266915076,399.7011069101285,0.474120597007758,0.15261238263397583,0.2893078577546959,0.08112991723175896,0.17994394390080687,-0.3135928866595115,-40.1576378505589
50.999999999999986,404.72463899817285,445.1866331365098,399.9182293270667,0.47810982540162306,0.15444607635134114,0.2930160320494356,0.08224125110862886,0.1829585617077154,-0.31963308481632274,-40.461994138336934
51.5,404.48649513376984,445.25014970482687,400.13655181987366,0.48208537897698756,0.15630504301497078,0.29676250640885415,0.08337222412147624,0.1860269084070714,-0.32578146908291306,-40.76365457105703
52.00000000000002,404.24915306162916,445.3117488108871,400.3560544781894,0.4860448398497118,0.1581893899006318,0.30054738809117015,0.08452309039698083,0.18914994496002815,-0.33204028264550256,-41.06259574925792
52.49999999999999,404.01263263275996,445.37142700121495,400.5767173835538,0.48998962350932973,0.16009922541160915,0.30437078068625256,0.08569410948438672,0.19232865109380232,-0.33841181103679263,-41.358794368454994
53.000000000000014,403.7769537121573,445.42918092839494,400.7985206109862,0.4939221720824405,0.16203465904775535,0.30823278396974424,0.08688554644613951,0.19556402559889713,-0.34489838279158125,-41.652227216237634
53.49999999999998,403.54213617720256,445.4850073556329,401.021444230395,0.49783856071843996,0.16399580136999442,0.3121334937869289,0.08809767194804737,0.1988570866548248,-0.3515023701943321,-41.94287117843032
54.0,403.30819991649616,445.53890315711647,401.2454683074416,0.501738741438585,0.1659827639593867,0.31607300190995835,0.0893307623484408,0.2022088721365788,-0.35822618996883066,-42.2307032406203
54.50000000000002,403.0751648292186,445.59086531344917,401.4705729048997,0.5056281917342818,0.16799565938342292,0.3200513958815104,0.09058509979427508,0.2056204399116322,-0.36507230391574036,-42.51570048423059
54.999999999999986,402.8430508237177,445.64089091479775,401.6967380842024,0.5095014164429751,0.1700346011621399,0.3240687588925295,0.0918609723195883,0.20909286816880826,-0.3720432196438323,-42.79784009108005
55.50000000000001,402.61187781600654,445.6889771630215,401.9239439063731,0.5133583684693993,0.17209970372629244,0.32812516964500776,0.09315867394146256,0.21262725573697905,-0.3791414912768574,-43.07709934701495
55.99999999999998,402.3816657291387,445.73512136764936,402.1521704330839,0.517203102736131,0.17419108237941727,0.332220702189929,0.09447850476099796,0.2162247223835789,-0.38636972008045084,-43.35345563851064
56.5,402.15243449198124,445.7793209464025,402.3813977283105,0.5210330749819887,0.17630885326515433,0.3363554257933859,0.09582077107021432,0.2198864091392841,-0.39373055515326505,-43.62688645442125
57.000000000000014,401.9242040375458,445.82157342892685,402.61160585939865,0.5248467112605478,0.1784531333258081,0.34052940480609895,0.09718578545601764,0.22361347862773195,-0.4012266941434106,-43.89736939138106
57.499999999999986,401.6969943022154,445.8618764541874,402.84277489783807,0.5286465805808245,0.18062404025969941,0.34474269849987027,0.09857386690606892,0.22740711536654062,-0.40886088386778074,-44.164882151971995
58.00000000000001,401.4708252246774,445.9002277681716,403.0748849209303,0.5324332147783275,0.1828216924884169,0.3489953609196748,0.09998534092372954,0.2312685260824268,-0.41663592094731183,-44.42940254349418
58.50000000000003,401.24571674426903,445.9366252285421,403.30791601301695,0.5362034511342741,0.185046209116612,0.3532874407580915,0.10142053964099862,0.2351989400475573,-0.4245546525160031,-44.69090848427305
58.99999999999999,401.0216887999187,445.9710668038052,403.54184826610356,0.5399583108250177,0.1872977098857009,0.3576189811946781,0.10287980193030523,0.23919960938388096,-0.4326199768319542,-44.949378003886466
59.500000000000014,400.79876132921504,446.003550569049,403.7766617813618,0.5437015241432923,0.18957631513868925,0.36199001973457656,0.10436347352638659,0.24327180936531898,-0.44083484384959737,-45.204789239833985
59.999999999999986,400.57695426686035,446.034074710272,404.01233667054237,0.5474282790891782,0.19188214578174725,0.36640058808346837,0.1058719071489963,0.2474168387532617,-0.4492022558949969,-45.45712044341167
60.5,400.35628754331043,446.0626375253063,404.24885305661394,0.5511385315076314,0.1942153232361772,0.3708507119933727,0.10740546262225464,0.25163602010377173,-0.4577252682620118,-45.70634998199586
60.99999999999997,400.13678108391116,446.08923741921103,404.48619107493056,0.5548377006701184,0.19657596939831185,0.37534041109205735,0.10896450700221141,0.25593070005641994,-0.4664069897241074,-45.95245633529987
61.49999999999999,399.91845480748884,446.11387290664356,404.7243308748306,0.5585208952231312,0.19896420660298633,0.37986969875168997,0.1105494147098684,0.26030224965813425,-0.47525058313995483,-46.19541809915472
62.000000000000014,399.7013286247705,446.1365426145743,404.9632526204146,0.5621875287656568,0.20138015757555414,0.3844385819442915,0.11216056765970073,0.2647520646721043,-0.4842592660258901,-46.4352139898038
62.49999999999998,399.4854224374834,446.15724527859004,405.2029364913123,0.565841450676125,0.2038239453854785,0.38904457545818466,0.11379835539234771,0.2692791125126267,-0.49342852516936575,-46.67182284110663
63.0,399.2707561370679,446.1759797424226,405.44336268440156,0.5694810081846641,0.20629569341082019,0.3936619869420058,0.11546317521784541,0.27385918276991805,-0.5026802663346503,-46.905223605354706
63.50000000000002,399.0573496030201,446.1927449621111,405.68451141479284,0.5731039473949242,0.2087955252916167,0.3982837354591316,0.11715543235467413,0.278485853795498,-0.5119928240053268,-47.13539535909098
63.999999999999986,398.84522270183015,446.20754000392185,405.92636291627605,0.5767124886729456,0.21132356487760928,0.40290944425359,0.11887554006823013,0.28315925246675966,-0.5213652893100165,-47.3623173020917
64.50000000000001,398.6343952858018,446.2203640411994,406.16889744299584,0.5803083346522453,0.21387993619151885,0.407538737457144,0.12062391982323904,0.2878794982849795,-0.5307967039476277,-47.58596875539757
65.00000000000003,398.4248871914283,446.23121635910195,406.412095270664,0.5838875061839173,0.2164647633844634,0.4121712401344387,0.1224010014342893,0.29264670317950175,-0.5402860590881922,-47.80632916767365
65.5,398.2167182381025,446.2400963543232,406.65593669690065,0.587450536864268,0.21907817068027186,0.4168065782881014,0.12420722321214162,0.2974609712697877,-0.549832294153391,-48.02337811622073
66.00000000000001,398.00990822701215,446.2470035304792,406.9004020426134,0.591002598840859,0.22172028233398947,0.4214443788630135,0.12604303212332532,0.3023223986240898,-0.5594342955442012,-48.23709530346707
66.49999999999999,397.8044769395982,446.25193750195467,407.14547165346755,0.594537931305088,0.22439122258992922,0.42608426979211034,0.12790888395308414,0.30723107306088326,-0.569090895493606,-48.44746056235647
67.0,397.6004441360562,446.2548979954093,407.391125900319,0.5980564934551502,0.22709111562524434,0.43072588001163725,0.12980524346181843,0.3121870739177849,-0.5788008708367638,-48.65445385935311
67.49999999999997,397.3978295542448,446.25588128233693,407.6373451801219,0.601563532035263,0.22982008550086297,0.4353688226772556,0.13173258455029394,0.3171904533103152,-0.5885628830101421,-48.85805172809211
68.0,397.1966529082364,446.25489799540935,407.8841099176283,0.605054955856681,0.2325782561218909,0.4400127791027482,0.1336913904353344,0.32224132836141245,-0.5983757701904431,-49.05824508717296
68.50000000000001,396.99693388668396,446.25193750195467,408.1314005660489,0.6085295560076852,0.23536575118256908,0.44465733098814497,0.13568215381839197,0.327339696104913,-0.6082379593435165,-49.25500361527071
68.99999999999999,396.7986921516682,446.2470035304792,408.37919760746814,0.6119908721493074,0.23818269410884163,0.4493021282118597,0.1377053770561335,0.3324856181015103,-0.6181480515740195,-49.44831137881101
69.5,396.6019473373183,446.2400963543232,408.6274815546484,0.615438319430401,0.24102920801933542,0.45394680495799805,0.13976157234815023,0.33767912777725617,-0.6281045274622773,-49.638149017004935
70.00000000000003,396.40671904815235,446.23121635910195,408.87623295197596,0.6188688906520606,0.2439054156729627,0.45859099653516766,0.14185126191908629,0.34292024870170573,-0.6381058044931945,-49.824497310949596
70.49999999999999,396.213026857778,446.22036404119945,409.1254323755601,0.6222843633106656,0.24681143940505998,0.4632343393712421,0.14397497819632393,0.3482089943284017,-0.6481502356687698,-50.00733718342144
71.00000000000001,396.02089030757463,446.20754000392185,409.37506043488315,0.6256877677042807,0.24974740108524862,0.4678764710263415,0.14613326400752286,0.3535453677544884,-0.6582361081183102,-50.18664969634722
71.50000000000003,395.83032890506644,446.1927449621111,409.62509777405717,0.629074244572377,0.25271342206832453,0.472517030238218,0.148326672777316,0.35892936151849386,-0.6683616418324521,-50.36241605704464
72.0,395.64136212245444,446.17597974242267,409.8755250718929,0.6324437554703305,0.2557096231278814,0.47715565692487966,0.1505557687153338,0.3643609573492174,-0.6785249882695319,-50.53461761996823
72.50000000000001,395.4540093953305,446.15724527859004,410.1263230430887,0.6358030520600895,0.2587361244063583,0.4817919921846736,0.15282112702050926,0.36984012591032706,-0.6887242288966728,-50.70323588325954
72.99999999999999,395.2682901211035,446.13654261457424,410.3774724398187,0.6391453705395689,0.26179304536971715,0.48642567834104256,0.15512333409325801,0.37536682659844245,-0.6989573738756207,-50.86825249347072
73.50000000000001,395.08422365739614,446.11387290664356,410.628954051995,0.6424706730798301,0.2648805047419318,0.4910563589572549,0.1574629877368121,0.3809410073070728,-0.7092223606746386,-51.02964924924743
73.99999999999997,394.9018293207418,446.08923741921103,410.8807487078388,0.6457839292246244,0.2679986204444777,0.495683678827566,0.15984069736650483,0.38656260416161814,-0.7195170525633368,-51.187408098469234
74.5,394.7211263850604,446.06263752530623,411.1328372757247,0.6490820265603157,0.27114750955378514,0.5003072840141768,0.16225708423721533,0.39221180180288406,-0.7297765925875264,-51.341511140245814
75.00000000000001,394.54213407998475,446.034074710272,411.38520066477156,0.6523630588148583,0.27432728823897023,0.5049268218757755,0.16471278166032144,0.3978562714597752,-0.7398963733858689,-51.491940630287274
75.49999999999999,394.3648715894835,446.003550569049,411.637819824855,0.6556301609342047,0.2775380716911057,0.5095419410549918,0.16720843521840884,0.4034951394728486,-0.7498715735427279,-51.6386789795655
76.0,394.1893580503755,445.9710668038052,411.89067574849713,0.6588839755489294,0.28077997408034966,0.5141522915028224,0.16974470300610336,0.40912797808102563,-0.7596987470227952,-51.781708753429655
76.50000000000003,394.0156125506468,445.9366252285421,412.1437494718293,0.6621206767321486,0.2840531084979298,0.5187575245184635,0.1723222558639375,0.414754361182794,-0.7693744126075238,-51.921012677895305
77.0,393.8436541279607,445.9002277681716,412.39702207434163,0.665341513621701,0.2873575868793451,0.5233572927402469,0.1749417776019052,0.4203738643250312,-0.7788950531501929,-52.0565736402109
77.50000000000001,393.6735017681966,445.8618764541874,412.65047468044986,0.6685509850215523,0.29069351995541437,0.527951250154773,0.1776039652495552,0.42598606471372974,-0.7882571148162572,-52.188374685990766
77.99999999999999,393.5051744037886,445.8215734289268,412.90408846086416,0.6717432953979706,0.2940610171993357,0.5325390521427605,0.18030952930791563,0.43159054127048246,-0.797457006463107,-52.316399025138196
78.5,393.3386909121232,445.77932094640244,413.1578446324162,0.6749184090412376,0.2974601867490782,0.5371203554797108,0.18305919398633963,0.43718687463337896,-0.8064910988912684,-52.44063003427925
78.99999999999997,393.1740701140785,445.7351213676493,413.411724458973,0.6780828268119725,0.30089113534683876,0.5416948183312107,0.1858536974576318,0.4427746471507896,-0.8153557240150143,-52.56105125357078
79.49999999999999,393.0113307723905,445.6889771630215,413.66570925320366,0.6812306876108123,0.30435396829129785,0.5462621002970254,0.18869379212860843,0.44835344293550305,-0.8240471741755346,-52.67764639063097
80.00000000000001,392.85049158996924,445.6408909147977,413.91978037672084,0.684361305367248,0.3078487893631839,0.5508218624260445,0.19158024489381673,0.4539228478832633,-0.832561701394568,-52.790399324828456
80.49999999999999,392.6915712084069,445.59086531344917,414.17391924023906,0.6874792768083765,0.3113757007510067,0.5553737672016745,0.1945138373939199,0.45948244965453117,-0.8408955164965198,-52.89929410504226
81.0,392.5345882063635,445.5389031571164,414.4281073055911,0.6905826301447721,0.3149348030063055,0.55991747857737,0.19749536630352105,0.4650318377178686,-0.849044788332716,-53.00431495075293
81.50000000000001,392.3795610978473,445.4850073556329,414.682326086309,0.6936686948172437,0.31852619497481366,0.5644526620065274,0.20052564360414965,0.47057060338689327,-0.8570056430323407,-53.105446257785616
81.99999999999999,392.22650833065757,445.429180928395,414.93655714720103,0.6967401147103498,0.322149973710795,0.5689789844244736,0.20360549684768892,0.47609833979804284,-0.8647741630958652,-53.20267259773743
82.50000000000001,392.0754482847825,445.37142700121495,415.1907821062978,0.6997989035129728,0.3258062344301322,0.5734961142703234,0.20673576945744607,0.4816146419369749,-0.8723463865233633,-53.295978716432444
83.00000000000003,391.92639927067586,445.311748810887,415.4449826358978,0.7028403586923573,0.3294950704478777,0.5780037215281658,0.2099173210214222,0.48711910668938246,-0.8797183060450666,-53.385349540211166
83.5,391.7793795276199,445.25014970482687,415.6991404619884,0.7058651238054431,0.33321657308802644,0.5825014777144626,0.2131510275664589,0.4926113328255519,-0.8868858682023352,-53.47077017720699
84.00000000000001,391.63440722212516,445.18663313650984,415.9532373656445,0.7088792917503116,0.3369708316263097,0.5869890558829178,0.21643778186561993,0.49809092100585156,-0.8938449723895793,-53.55222591438468
84.49999999999999,391.49150044621524,445.12120266915076,416.20725518458323,0.7118760817514034,0.3407579332352313,0.5914661306710876,0.21977849375297434,0.5035574738380865,-0.9005914700372952,-53.62970222293552
85.0,391.35067721571954,445.0538619770774,416.46117581279714,0.7148554605922618,0.3445779628956155,0.5959323782999439,0.2231740904139599,0.5090105958771051,-0.9071211636893268,-53.703184761357875
85.49999999999997,391.2119554686596,444.98461484133327,416.7149812010979,0.7178235822148595,0.34843100332342597,0.6003874765634039,0.2266255166937444,0.5144498936115512,-0.9134298059822197,-53.77265937267367
86.0,391.0753530635392,444.9134651510289,416.96865335911275,0.7207756520181633,0.35231713492146477,0.6048311048723105,0.23013373543301813,0.5198749755177683,-0.9195130987506273,-53.83811208748972
86.50000000000001,390.9408877775933,444.8404169063927,417.22217435537044,0.723710267468221,0.35623643569719665,0.6092629442704071,0.23369972777863748,0.525285452079638,-0.9253666921044242,-53.89952912879943
86.99999999999999,390.8085773051398,444.7654742155608,417.47552631697783,0.7266315654072345,0.36018898117284254,0.6136826774131421,0.23732449349160684,0.5306809357623432,-0.9309861833680393,-53.956896910420994
87.5,390.6784392558713,444.6886412931168,417.72869143181526,0.7295388606064147,0.3641748443397181,0.6180899886021333,0.24100905130032615,0.5360610410543505,-0.936367116092635,-54.010202037245506
88.00000000000003,390.55049115308464,444.60992246429515,417.9816519491693,0.7324286588491465,0.3681940955844919,0.6224845638169004,0.24475443923351015,0.5414253845066327,-0.9415049791240417,-54.05943131121052
88.49999999999999,390.42475043198294,444.5293221634503,418.234390178879,0.7353030348072578,0.37224680258803605,0.6268660906915532,0.24856171493198395,0.5467735847040136,-0.9463952055223148,-54.10457173146733
89.00000000000001,390.3012344379649,444.44684493032116,418.48688849326334,0.7381655015620335,0.3763330302741829,0.6312342585335264,0.25243195601154833,0.5521052622876901,-0.951033171481632,-54.14561049235624
89.50000000000003,390.1799604248481,444.362495414358,418.7391293283311,0.741010429330054,0.380452840745374,0.6355887583667368,0.2563662604189738,0.5574200400084337,-0.9554141953693617,-54.18253498950992
90.0,390.06094555312086,444.2762783748931,418.9910951829148,0.7438377867272323,0.3846062931795874,0.6399292829160764,0.2603657467555913,0.5627175427076505,-0.9595335366390186,-54.21533282177222
90.50000000000001,389.9442068882222,444.1881986765775,419.2427686197964,0.7466553717214854,0.38879162699276626,0.6442555266071293,0.2644297790340085,0.5679973973165695,-0.963392029680337,-54.24399178835529
90.99999999999999,389.82976139876087,444.09826129229873,419.494132267517,0.7494553762564293,0.39298786425585297,0.6485671856140036,0.2685387459804071,0.573259232915015,-0.9670507350354531,-54.268499893537864
91.50000000000001,389.7176259547297,444.00647130505456,419.7451688198834,0.7522377694327531,0.39718881888922675,0.6528639578588533,0.27268706075313787,0.5785026807310126,-0.9705262125955822,-54.288845350324834
91.99999999999997,389.6078173257649,443.9128339039479,419.9958610360437,0.7550082705860489,0.40139424508456567,0.6571455429944547,0.27687489049087227,0.5837273741190815,-0.9738167683612097,-54.30501657818297
92.5,389.5003521793611,443.81735438456855,420.24619174274915,0.7577632996033802,0.4056038978260283,0.6614116424485972,0.2811023995137284,0.5889329486145398,-0.9769207241985989,-54.31700220520747
93.00000000000001,389.3952470790608,443.72003815237736,420.49614383445663,0.7605006768127274,0.4098175328836613,0.6656619594419633,0.2853697492090259,0.5941190419557095,-0.9798364182728228,-54.32479107331653
93.49999999999999,389.2925184826863,443.62089072007313,420.7457002724797,0.7632240002111039,0.4140349067890686,0.6698961989597332,0.28967709789726476,0.5992852940489328,-0.9825622053620674,-54.328372237386816
94.0,389.1921827405471,443.5199177053107,420.9948440873339,0.765934001869636,0.41825577687114934,0.6741140677850108,0.294024600757881,0.6044313470092042,-0.9850964572221986,-54.327734964763636
94.50000000000003,389.0942560936163,443.41712483492006,421.24355837949264,0.7686263117980059,0.4224799012617679,0.6783152745329474,0.2984124097242277,0.6095568452023161,-0.9874375630537999,-54.32286874130375
95.0,388.9987546717313,443.3125179439499,421.49182631813335,0.7713023651098382,0.4267070388636369,0.6824995296226039,0.30284067333786036,0.6146614352103633,-0.989583929855133,-54.31376327221858
95.50000000000001,388.90569449179156,443.20610297157515,421.73963114294315,0.7739672879857525,0.43093694937585963,0.6866665452917012,0.307309536661241,0.6197447658493577,-0.9915339827550781,-54.300408479783584
96.00000000000003,388.8150914559267,443.09788596497515,421.98695616557495,0.776614479726814,0.4351693933127256,0.6908160356423114,0.31181914118341425,0.6248064882254812,-0.993286165491001,-54.28279450904847
96.5,388.7269613496693,442.9878730800041,422.2337847685579,0.7792439111683647,0.439404131974582,0.6949477166234856,0.31636962467377516,0.6298462557139173,-0.9948389408056492,-54.26091173033478
96.99999999999997,388.6413198401401,442.87607057681583,422.4801004060328,0.7818629652358738,0.44364092745314704,0.6990613060245177,0.3209611210706966,0.6348637239501683,-0.9961907907730474,-54.23475073667572
97.49999999999999,388.55818247420797,442.76248482190886,422.7258866058762,0.7844649882707322,0.4478795426628444,0.703156523524571,0.32559376039795224,0.6398585508909351,-0.9973402172569381,-54.20430234770089
98.00000000000001,388.4775646766427,442.647122290426,422.97112696915985,0.7870492125731893,0.4521197413219352,0.7072330906933356,0.33026766862615375,0.644830396815152,-0.9982857423538056,-54.1695576137833
98.49999999999999,388.3994817482841,442.5299895626401,423.21580516967146,0.7896208431924208,0.4563612879348624,0.711290730965449,0.33498296753345824,0.6497789242923602,-0.9990259087345619,-54.13050781435601
99.0,388.32394886419314,442.41109332340386,423.4599049564514,0.7921776473734015,0.4606039478313212,0.7153291696856902,0.3397397746282132,0.6547037982379,-0.9995592800651922,-54.08714445921072
99.50000000000001,388.2509810717921,442.2904403657351,423.70341015398935,0.7947166148880139,0.464847487161221,0.7193481341295708,0.3445382030226622,0.6596046859384502,-0.9998844414886106,-54.03945929394297
99.99999999999999,388.18059328901563,442.16803758877495,423.9463046608396,0.7972407336630757,0.4690916728598781,0.7233473534676328,0.34937836127127025,0.6644812570081727,-0.9999999999985673,-53.98744429975932
100.50000000000001,388.11280030245314,442.04389199485075,424.18857245204356,0.7997522692013194,0.4733362726849116,0.7273265587972483,0.3542603532890127,0.6693331834272889,-0.9999045848213886,-53.931091692397615
101.00000000000003,388.04761676548003,441.91801069353505,424.43019758009166,0.8022459306331032,0.47758105522555727,0.7312854831798643,0.3591842782387177,0.6741601395880252,-0.9995968479193149,-53.87039392805502
101.5,387.9850571963922,441.790400901213,424.6711641733243,0.804722450649455,0.481825789863763,0.7352238616088344,0.36415023036136696,0.6789618022552429,-0.9990754644041075,-53.805343704820814
102.00000000000001,387.9251359765401,441.66106993687833,424.9114564374888,0.8071886681061282,0.48607024679473265,0.7391414310189512,0.36915829887375157,0.6837378505776639,-0.9983391328974716,-53.73593396033823
102.49999999999999,387.86786734845174,441.5300252253694,425.15105865751957,0.8096369745063046,0.49031419705160956,0.7430379303352244,0.3742085678714656,0.6884879661478301,-0.9973865760291971,-53.66215787691766
103.0,387.8132654139557,441.3972742984985,425.38995519630726,0.8120673428219535,0.4945574124734669,0.7469131004550161,0.3793011161642039,0.6932118329803806,-0.9962165408909127,-53.584008884542754
103.49999999999997,387.761344132305,441.26282479101167,425.6281304949252,0.8144866605977805,0.4987996657007244,0.7507666842332683,0.3844360171417261,0.6979091374935794,-0.9948277994028367,-53.50148065870667
104.0,387.7121173182944,441.1266844417181,425.86556907510646,0.8168895633595677,0.5030407302129555,0.7545984265344914,0.3896089830904283,0.7025795685729874,-0.993232971566938,-53.414567123423694
104.50000000000001,387.665598640374,440.988861096114,426.10225553874636,0.819274492024426,0.5072803803106165,0.7584080742357489,0.39478721116016247,0.7072228175753773,-0.9915351799103669,-53.32326245574001
104.99999999999999,387.6218016187651,440.8493627034158,426.3381745668057,0.8216460653280021,0.51151839108553,0.7621953761920299,0.39996371242826995,0.711838578286101,-0.9897556324515229,-53.22756108465069
105.5,387.58073962357173,440.708197315177,426.57331092209694,0.82400351618557,0.5157545384644645,0.7659600832822067,0.4051382143275723,0.7164265469751293,-0.9878942302930264,-53.12745769160529
106.00000000000003,387.54242587288843,440.56537308892285,426.80764944964767,0.8263429574181529,0.5199885992070764,0.7697019484330184,0.4103104452936095,0.7209864224267453,-0.9859508793346409,-53.022947216034424
106.49999999999999,387.50687343090925,440.42089828668065,427.04117507482306,0.8286667030834645,0.5242203508616292,0.7734207265767618,0.41548013471031414,0.7255179058876685,-0.9839254902810494,-52.9140248557714
107.00000000000001,387.4740952060346,440.2747812715883,427.2738728057004,0.8309786541138688,0.5284495718008174,0.7771161746800649,0.42064701295361345,0.7300207011018875,-0.981817978614023,-52.80068606555375
107.50000000000003,387.44410394897557,440.1270305116169,427.505727734326,0.8332725604754383,0.5326760412365088,0.7807880517850871,0.42581081140925797,0.7344945143614052,-0.9796282646968841,-52.68292656264134
108.0,387.41691225085816,439.97765457960327,427.73672503485295,0.8355483967881026,0.5368995391757406,0.7844361189745992,0.4309712624188346,0.738939054463552,-0.9773562738103688,-52.56074232874511
108.50000000000001,387.392532541327,439.8266621491441,427.96684996470555,0.8378148004160098,0.5411198464337209,0.7880601393745766,0.4361280992954668,0.7433540327137398,-0.9750019361115405,-52.43412960781711
108.99999999999999,387.37097708664794,439.67406199706033,428.1960878667486,0.8400631248162536,0.5453367446657595,0.7916598782066685,0.44128105636265824,0.7477391629898538,-0.9725651867148689,-52.303084910412394
109.50000000000001,387.3522579878096,439.5198630049171,428.42442416801447,0.842293345054904,0.5495500163343491,0.7952351027713866,0.4464298689138538,0.7520941617218573,-0.9700459657558407,-52.16760501710752
109.99999999999997,387.3363871786265,439.36407415542146,428.65184437930907,0.8445117805190486,0.5537594446928052,0.7987855824237069,0.4515742731922481,0.7564187478615979,-0.9674442183592157,-52.02768697679494
110.5,387.3233764238405,439.20670453265944,428.8783340980575,0.8467144762243151,0.5579648138299387,0.8023110886277984,0.4567140064452034,0.7607126429497373,-0.9647598946787347,-51.883328108818944
111.00000000000001,387.3132373172233,439.0477633249211,429.10387900793853,0.8488990341417624,0.5621659086542204,0.80581139496344,0.4618488069046981,0.7649755711238821,-0.9619929499849715,-51.73452600769781
111.49999999999999,387.3059812796795,438.8872598222992,429.32846487714676,0.8510694220269364,0.5663625148521263,0.809286277081975,0.4669784137362096,0.7692072590644969,-0.9591433446559074,-51.581278542619714
112.0,387.30161955735025,438.7252034146164,429.55207756135803,0.8532264426708506,0.5705544189350588,0.8127355127524106,0.4721025670958832,0.7734074360510469,-0.9562110441736744,-51.423583857266124
112.50000000000003,387.300163219718,438.5616035949546,429.7747030043396,0.8553652923900353,0.574741408241914,0.8161588818895372,0.47722100813347723,0.777575833996734,-0.9531960192254468,-51.26144037523659
113.0,387.30161955735025,438.39646995870385,429.9963272356519,0.8574875547492432,0.5789232539308542,0.8195561665061488,0.48233345783284526,0.78171218738999,-0.9500983126689015,-51.0948504013536
113.50000000000001,387.3059812796795,438.2298121999406,430.2169363728217,0.8595988543455391,0.5830996601468094,0.82292715073693,0.4874395537687937,0.7858162333233094,-0.9469182403300413,-50.92383092026114
114.00000000000003,387.3132373172233,438.0616401146427,430.4365166229811,0.861691950373117,0.5872703149257845,0.8262716208844705,0.4925389134380108,0.7898877115498284,-0.9436561901978366,-50.74840279741943
114.5,387.3233764238405,437.89196360112976,430.65505428083907,0.8637668195349346,0.5914349071215854,0.8295893653831261,0.4976311553189479,0.7939263644391912,-0.940312555449229,-50.56858717728926
114.99999999999997,387.3363871786266,437.7207926562151,430.87253572931115,0.865831543694102,0.5955931264266191,0.8328801747927611,0.5027158988974417,0.797931936969508,-0.9368877343422961,-50.38440547758853
115.49999999999999,387.35225798780965,437.5481373768365,431.088947442124,0.8678788409360234,0.5997446634298718,0.8361438418554888,0.5077927647377848,0.8019041767968854,-0.9333821302113636,-50.19587938902686
116.00000000000001,387.37097708664794,437.37400796187745,431.3042759826007,0.8699078796121151,0.603889209602976,0.8393801614813704,0.5128613744658863,0.8058428342381299,-0.9297961514655544,-50.00303087522951
116.49999999999999,387.39253254132706,437.19841470906033,431.5185080025686,0.8719243454620541,0.6080264572885633,0.8425889307132053,0.5179213507552268,0.8097476622273865,-0.9261302114957525,-49.80588216773327
117.0,387.41691225085816,437.0213680143708,431.731630245548,0.8739257992409769,0.6121560997692755,0.8457699487838937,0.5229723174114167,0.8136184163862067,-0.922384728628615,-49.60445576351265
117.50000000000001,387.44410394897557,436.84287837495026,431.9436295466049,0.8759089632571573,0.6162778312739283,0.8489230171272836,0.5280138993799257,0.8174548550371032,-0.91856012614506,-49.39877442597469
117.99999999999999,387.47409520603463,436.6629563872384,432.1544928300005,0.8778770967441202,0.6203913469421733,0.8520479393251372,0.5330457227030752,0.8212567391385281,-0.9146568322104028,-49.18886118120378
118.50000000000001,387.5068734309093,436.4816127443908,432.36420711221353,0.8798326628185009,0.6244963428903634,0.855144521151918,0.5380674146007515,0.8250238323393589,-0.9106752797911217,-48.97473931348151
119.00000000000003,387.54242587288843,436.2988582395496,432.57275950288073,0.8817699084421561,0.6285925162381999,0.8582125706078905,0.5430786035031754,0.828755901019701,-0.9066159066803521,-48.75643236666116
119.5,387.58073962357173,436.1147037653345,432.78013720217825,0.883689637038846,0.6326795650683426,0.8612518978674197,0.5480789190017191,0.8324527142276273,-0.9024791554532104,-48.533964141762794
119.99999999999997,387.6218016187651,435.92916031021247,432.9863275026255,0.8855992716235602,0.6367571884693015,0.8642623152958303,0.5530679919015342,0.8361140436994215,-0.8982654733640189,-48.30735869144735
120.50000000000004,387.665598640374,435.7422389610606,433.1913177911758,0.8874905555847895,0.6408250865837551,0.8672436375008762,0.5580454542808125,0.8397396639227599,-0.8939753123587492,-48.07664032068658
121.0,387.7121173182944,435.55395090395245,433.39509554713675,0.8893634677175023,0.644882960578263,0.8701956812972647,0.5630109394539539,0.8433293520934223,-0.8896091290545319,-47.84183358565804
121.49999999999997,387.761344132305,435.3643074206753,433.59764834213456,0.8912254680962818,0.6489305126515156,0.8731182656895763,0.5679640819818438,0.8468828880940563,-0.8851673846396456,-47.60296328837029
122.0,387.8132654139557,435.1733198895337,433.79896384316737,0.8930707476103722,0.6529674461007444,0.8760112119335723,0.5729045177532317,0.8504000545692088,-0.8806505448533752,-47.360054475577954
122.50000000000001,387.86786734845174,434.98099978735945,433.9990298115572,0.8948976260972894,0.6569934653108516,0.8788743435259206,0.5778318839716347,0.8538806369129683,-0.8760590799883576,-47.11313243890771
122.99999999999999,387.92513597654,434.78735868692206,434.1978341011152,0.8967110972268186,0.6610082757287281,0.8817074861574289,0.5827458191241331,0.8573244232115321,-0.8713934648073404,-46.86222271038207
123.5,387.9850571963922,434.592408255662,434.39536466160956,0.8985103300179079,0.6650115839374612,0.8845104677724194,0.5876459630722808,0.8607312043156592,-0.8666541784846107,-46.60735105926983
124.00000000000003,388.04761676548003,434.3961602585123,434.5916095389098,0.9002911331142108,0.6690030976678663,0.8872831185847212,0.5925319570663942,0.8641007738605119,-0.861841704623613,-46.34854349303225
124.49999999999999,388.11280030245314,434.1986265565369,434.78655687211415,0.9020560066239178,0.672982525753234,0.890025271017155,0.597403443690422,0.8674329281915333,-0.8569565311966779,-46.08582625408377
125.00000000000001,388.18059328901563,433.9998191040304,434.9801948964507,0.9038091509497128,0.6769495781928092,0.8927367597425184,0.6022600669397392,0.8707274664142599,-0.8519991504562209,-45.81922581501476
125.50000000000003,388.2509810717921,433.7997499513901,435.1725119446385,0.9055438374518752,0.6809039661862235,0.8954174217227565,0.6071014722634313,0.8739841904424981,-0.8469700589534416,-45.54876887959796
126.0,388.3239488641931,433.5984312449718,435.3634964440656,0.9072600465867768,0.6848454020891233,0.8980670961551275,0.6119273065102386,0.8772029049324982,-0.8418697575009698,-45.27448238077869
126.49999999999997,388.3994817482841,433.39587522362206,435.5531369180569,0.9089670612641919,0.6887735994458464,0.9006856244797383,0.6167372179686946,0.8803834172918126,-0.8366987510735971,-44.99639347533798
127.00000000000004,388.4775646766427,433.1920942205128,435.74142198846255,0.910655590535935,0.6926882730469386,0.9032728504369635,0.62153085643763,0.8835255377496769,-0.8314575488078852,-44.71452954387007
127.50000000000001,388.5581824742079,432.98710066418937,435.92834037364867,0.9123256153169502,0.6965891389000098,0.9058286200345205,0.6263078731907302,0.8866290793168675,-0.8261466639872502,-44.42891818998146
127.99999999999997,388.6413198401401,432.78090707551735,436.11388088769354,0.9139839146113662,0.7004759142233438,0.908352781517954,0.6310679209689154,0.8896938577493071,-0.8207666139506468,-44.139587235377235
128.5,388.7269613496693,432.57352606771826,436.29803244387017,0.915626246610364,0.704348317520219,0.9108451854363996,0.6358106540713844,0.8927196916284639,-0.8153179200587847,-43.84656471804897
129.00000000000003,388.8150914559267,432.36497034844854,436.4807840538608,0.9172500475526068,0.7082060685727306,0.9133056846375872,0.6405357283482492,0.8957064023554554,-0.8098011076987919,-43.54987889252186
129.49999999999997,388.9056944917916,432.15525271771,436.6621248251928,0.9188595675107636,0.7120488884021873,0.9157341342096951,0.6452428011523085,0.8986538140797525,-0.8042167062110035,-43.249558225918406
130.0,388.99875467173126,431.94438606604507,436.84204396486984,0.9204556628159715,0.7158764993461776,0.91813039154125,0.6499315314334475,0.9015617537722234,-0.7985652488211846,-42.94563139431381
130.50000000000003,389.0942560936163,431.732383377156,437.0205307798807,0.9220332010644833,0.7196886250767103,0.9204943163430551,0.6546015797610011,0.9044300512522062,-0.7928472726554799,-42.63812728353969
131.0,389.19218274054714,431.5192577269636,437.1975746739285,0.9235938794312906,0.7234849905471938,0.9228257705821334,0.659252608259121,0.9072585391066604,-0.7870633186889482,-42.32707498641645
131.5,389.2925184826863,431.30502228058606,437.37316515001316,0.9251436992707839,0.7272653220497246,0.9251246185161527,0.6638842806769981,0.9100470527319435,-0.7812139316552906,-42.01250379789974
132.00000000000003,389.3952470790608,431.08969029468824,437.54729181228885,0.926674936628546,0.7310293472585526,0.9273907267394847,0.6684962624421827,0.9127954303903559,-0.7752996600570836,-41.694443215627416
132.5,389.5003521793611,430.8732751176301,437.7199443631712,0.9281875741110813,0.7347767951840717,0.9296239641294027,0.6730882206045198,0.9155035131443845,-0.7693210561350216,-41.37292293826903
132.99999999999997,389.6078173257649,430.6557901862768,437.89111260391405,0.9296902191519268,0.7385073961922662,0.9318242018419223,0.6776598238601105,0.9181711448512923,-0.7632786757747029,-41.04797286051189
133.5,389.7176259547297,430.4372490270918,438.0607864377144,0.9311751181082272,0.7422208820716477,0.9339913133754465,0.6822107426333227,0.920798172241036,-0.7571730784936417,-40.71962307236208
134.0,389.8297613987609,430.21766525735114,438.2289558678931,0.9326413928171686,0.7459169860073055,0.936125174542212,0.6867406490452489,0.9233844448814827,-0.7510048274309808,-40.38790385859022
134.49999999999997,389.9442068882222,429.9970525825388,438.39561099626275,0.9340950887786645,0.74959544255869,0.938225663425271,0.6912492168867307,0.9259298151255551,-0.7447744892653619,-40.0528456943166
135.0,390.06094555312086,429.7754247957178,438.5607420269764,0.9355336125377081,0.7532559877405299,0.9402926604480406,0.6957361217174626,0.9284341381961904,-0.7384826341700373,-39.71447924259695
135.50000000000003,390.1799604248481,429.5527957795573,438.7243392660869,0.9369534882728454,0.7568983590227112,0.9423260483755361,0.7002010408660191,0.9308972721880564,-0.7321298358182284,-39.372835354709196
136.0,390.3012344379649,429.3291795046946,438.8863931183322,0.9383581776962567,0.7605222952781433,0.9443257122461087,0.7046436533663059,0.9333190779839332,-0.7257166713194345,-39.02794506672967
136.5,390.42475043198294,429.104590027562,439.0468940907566,0.9397502902059133,0.7641275368593555,0.9462915394294242,0.7090636400513792,0.9356994193253693,-0.7192437211459223,-38.67983959557904
137.00000000000003,390.5504911530846,428.87904149268434,439.20583279366235,0.9411237315198632,0.7677138256245304,0.94822341965521,0.7134606835854456,0.938038162848061,-0.712711569143453,-38.32855033959976
137.5,390.6784392558713,428.6525481320695,439.36319993708037,0.9424793587603122,0.7712809048792426,0.950121244943902,0.7178344683928175,0.9403351779970057,-0.7061208024874772,-37.974108876198216
137.99999999999997,390.80857730513975,428.42512426224283,439.51898633284225,0.9438250247408997,0.7748285194238728,0.9519849096317046,0.7221846807160568,0.9425903370568343,-0.699472011594876,-37.61654695710308
138.50000000000003,390.9408877775933,428.1967842859846,439.67318289698255,0.9451519969679081,0.7783564156069024,0.9538143104240373,0.7265110086813031,0.9448035152173279,-0.6927657901245595,-37.255896508391345
139.0,391.0753530635391,427.96754269269604,439.82578064691324,0.946460260244575,0.7818643412796974,0.9556093463440213,0.7308131422431677,0.9469745905104799,-0.6860027349526109,-36.89218962915692
139.49999999999997,391.21195546865954,427.7374140555537,439.97677070118664,0.9477576931943295,0.7853520458003669,0.957369918714615,0.7350907731896333,0.9491034437883661,-0.679183446086505,-36.52545858689416
140.0,391.3506772157196,427.5064130319024,440.1261442830979,0.9490381624789773,0.7888192801096854,0.9590959312283357,0.7393435952350413,0.9511899588084202,-0.6723085266406374,-36.15573581618281
140.5,391.4915004462152,427.27455436453,440.27389271916485,0.9502999013591158,0.7922657967102046,0.9607872899246117,0.7435713039947252,0.9532340222058758,-0.665378582829368,-35.783053918314806
140.99999999999997,391.63440722212516,427.0418528794968,440.42000743666375,0.9515481761257318,0.7956913496280938,0.962443903133155,0.7477735969385382,0.9552355234243195,-0.6583942238941084,-35.407445657371625
141.5,391.7793795276199,426.80832348497097,440.5644799677352,0.9527821094514551,0.7990956944985256,0.9640656815458089,0.7519501734954105,0.9571943548034051,-0.6513560620498731,-35.02894395735109
142.00000000000003,391.92639927067586,426.573981173092,440.7073019493515,0.9539972915534606,0.8024785885726714,0.9656525382247192,0.7561007350620689,0.9591104115890329,-0.6442647124899087,-34.647581902416164
142.5,392.07544828478245,426.3388410187126,440.8484651195939,0.9551963576862688,0.8058397906556022,0.9672043885262791,0.7602249849272891,0.9609835918402443,-0.6371207933306093,-34.263392733930175
143.0,392.22650833065757,426.1029181770245,440.9879613210446,0.9563837229036025,0.8091790611782778,0.9687211501538381,0.7643226283600832,0.9628137964934164,-0.629924925535373,-33.876409846366926
143.50000000000003,392.3795610978473,425.8662278854365,441.1257825022557,0.9575523167219951,0.8124961622327441,0.970202743194229,0.7683933726528868,0.9646009294071076,-0.6226777329198673,-33.48666678758923
144.0,392.5345882063634,425.62878546321065,441.26192071411526,0.9587021257017291,0.8157908575113932,0.9716490900475917,0.7724369270474734,0.9663448972762309,-0.615379842114763,-33.094197256847224
144.49999999999997,392.6915712084069,425.3906063086755,441.3963681112296,0.959842891556191,0.819062912341117,0.9730601154402944,0.7764530027768823,0.9680456096475641,-0.608031882481902,-32.69903510026859
145.00000000000003,392.85049158996924,425.1517059003239,441.52911695489126,0.9609648664893821,0.8223120937467587,0.9744357464860085,0.7804413131431512,0.9697029789945287,-0.6006344861049191,-32.30121431035468
145.5,393.01133077239047,424.9120997973099,441.660159610454,0.9620680375511788,0.825538170409007,0.9757759126385989,0.7844015734660007,0.971316920659646,-0.593188287769478,-31.90076902491944
145.99999999999997,393.1740701140785,424.6718036369715,441.7894885462041,0.9631595079140269,0.8287409126512242,0.9770805456592013,0.7883335010669068,0.9728873528140388,-0.5856939248852927,-31.497733522892986
146.5,393.3386909121232,424.43083313460494,441.91709633740004,0.9642348342916145,0.8319200925231511,0.9783495796912535,0.7922368153715937,0.9744141965491332,-0.578152037451883,-31.092142222481755
147.00000000000003,393.5051744037886,424.1892040846949,442.0429756651439,0.9652913384294068,0.835075483786671,0.9795829512450271,0.7961112378927835,0.9758973758578734,-0.5705632680537029,-30.684029680906292
147.49999999999997,393.6735017681966,423.94693235913434,442.16711931314455,0.9663334683461147,0.8382068618627649,0.9807805991282789,0.7999564921655202,0.9773368175497638,-0.5629282617957736,-30.27343059093772
148.0,393.8436541279607,423.7040339056681,442.28952017192205,0.967362117455632,0.8413140039184102,0.9819424645181064,0.8037723038535689,0.9787324513385509,-0.5552476662442849,-29.860379777707408
148.50000000000003,394.0156125506468,423.46052474949147,442.4101712392406,0.9683719266298367,0.8443966888816156,0.9830684909766502,0.8075584007679464,0.980084209861585,-0.5475221314292303,-29.44491219884469
149.0,394.1893580503755,423.2164209922881,442.52906561604846,0.9693646731642287,0.8474546973724851,0.9841586243700624,0.8113145127828079,0.9813920285806593,-0.5397523097966553,-29.02706294191256
149.5,394.3648715894835,422.97173880980824,442.6461965094165,0.9703466172772754,0.850487811766389,0.9852128129124744,0.8150403719128452,0.9826558458355145,-0.5319388561328263,-28.606867220324716
150.00000000000003,394.54213407998463,422.726494453253,442.7615572345786,0.9713097044407151,0.8534958162392968,0.9862310072109426,0.8187357123688533,0.9838756028989256,-0.524082427562711,-28.184360373268362
150.5,394.7211263850604,422.48070424907735,442.87514121134757,0.9722539234993136,0.8564784967072713,0.987213160197002,0.8224002704839145,0.985051243893007,-0.5161836835186248,-27.759577864016933
150.99999999999997,394.9018293207418,422.2343845964539,442.9869419646647,0.9731882390973468,0.8594356408447386,0.9881592271250824,0.8260337847359044,0.9861827157870167,-0.5082432856618379,-27.33255527571208
151.5,395.08422365739614,421.98755196775227,443.09695312811397,0.974104578220464,0.8623670381577012,0.9890691656409615,0.8296359958371474,0.9872699684810897,-0.5002618978637826,-26.90332831035613
152.0,395.2682901211035,421.740222909079,443.2051684416225,0.9750020334145116,0.865272479946892,0.9899429357409903,0.833206646689511,0.9883129547564465,-0.49224018619054655,-26.471932787975504
152.49999999999997,395.4540093953305,421.49241403815427,443.311581749416,0.9758868923755774,0.8681517592771475,0.9907804997235782,0.8367454823471359,0.9893116302158659,-0.48417881883223846,-26.038404642823764
153.0,395.64136212245444,421.2441420435757,443.4161870043934,0.9767564584708697,0.8710046710669922,0.9915818222681341,0.840252250126109,0.9902659533801172,-0.4760784660609667,-25.602779921121282
153.50000000000003,395.8303289050664,420.9954236859081,443.51897826745653,0.977607125512485,0.8738310120821478,0.9923468704275681,0.8437266995966599,0.9911758856789032,-0.46793980022686266,-25.16509478084174
154.0,396.02089030757463,420.746275796228,443.6199497036322,0.9784424907622958,0.876630580870035,0.9930756135483966,0.8471685825032532,0.9920413913530414,-0.45976349570123665,-24.725385488653387
154.5,396.2130268577779,420.4967152743173,443.7190955861642,0.979265259907913,0.8794031778442681,0.993768023339305,0.8505776528680438,0.9928624375380973,-0.4515502288136744,-24.283688416539405
155.00000000000003,396.40671904815235,420.246759089917,443.8164102974705,0.9800691155823745,0.8821486053087438,0.994424073895094,0.8539536670204549,0.9936389942937864,-0.4433006778514745,-23.840040041764667
155.5,396.6019473373183,419.9964242819724,443.9118883249232,0.980854952167614,0.8848666673850527,0.9950437416136255,0.8572963835085904,0.9943710345023641,-0.4350155230183248,-23.394476944654116
155.99999999999997,396.7986921516682,419.7457279562858,444.0055242631312,0.9816309015300556,0.8875571700631525,0.9956270052277638,0.8606055631613472,0.995058533907434,-0.426695446360343,-22.9470358046176
156.50000000000003,396.9969338866841,419.4946872863679,444.09731281657315,0.9823879237182049,0.8902199212571665,0.996173845858992,0.8638809691567635,0.9957014711795824,-0.4183411317574643,-22.497753399683802
157.0,397.1966529082364,419.24331951333323,444.18724879621266,0.9831260099071797,0.8928547307477354,0.9966842469531556,0.8671223669516754,0.9962998278378111,-0.4099532648973442,-22.046666605096846
157.49999999999997,397.3978295542449,418.99164194363976,444.2753271191174,0.9838533066838108,0.895461410182671,0.9971581942626376,0.8703295242826871,0.9968535882275201,-0.4015325332024051,-21.593812389394884
158.0,397.6004441360562,418.7396719490123,444.36154281246417,0.9845634743834807,0.8980397731588936,0.9975956759214453,0.873502211266477,0.9973627396122898,-0.3930796258027843,-21.139227812956108
158.5,397.80447693959826,418.48742696693637,444.445891011664,0.9852546936125998,0.9005896351925347,0.9979966824122236,0.8766402003633689,0.9978272721336071,-0.3845952335241332,-20.68295002733811
158.99999999999997,398.0099082270121,418.23492449884867,444.5283669574461,0.9859324031264268,0.9031108136717043,0.9983612065027949,0.8797432663197539,0.9982471787331006,-0.37608004882355234,-20.22501627183658
159.5,398.21671823810254,417.98218210901103,444.60896600041985,0.9865956964728554,0.9056031279492559,0.9986892433267929,0.8828111862816438,0.998622455251001,-0.36753476574169214,-19.76546387090849
160.00000000000003,398.42488719142824,417.72921742537636,444.6876836009045,0.987240029607169,0.9080663993447115,0.99898079038454,0.885843739797137,0.9989531004273011,-0.3589600798986104,-19.30433023394812
160.5,398.6343952858018,417.4760481383795,444.7645153246027,0.9878681230855378,0.9105004510698271,0.9992358474558447,0.8888407087255734,0.9992391157950288,-0.35035668844336854,-18.84165285257768
161.0,398.84522270183015,417.222691999009,444.8394568463353,0.9884845233707097,0.9129051083061996,0.9994544166612745,0.891801877332566,0.9994805057549548,-0.34172528998953294,-18.377469297178834
161.50000000000003,399.05734960302004,416.9691668196609,444.91250395157283,0.9890819524381146,0.9152801982393268,0.9996365024950373,0.8947270323317527,0.9996772776158795,-0.3330665846105252,-17.911817216640884
162.0,399.2707561370679,416.715490473507,444.98365253223164,0.9896604033156294,0.9176255499854877,0.9997821117428027,0.8976159627955383,0.9998294414941032,-0.3243812738038509,-17.44473433643907
162.49999999999997,399.48542243748335,416.4616808922979,445.0528985881348,0.9902298930065087,0.919940994626909,0.9998912534988819,0.900468460198251,0.9999370103342058,-0.31567006042008666,-16.97625845481457
163.00000000000003,399.7013286247705,416.2077560666877,445.12023823022145,0.990780401215609,0.9222263652777869,0.999963939228216,0.9032843184969743,0.9999999999848602,-0.3069336486469512,-16.506427441917197
163.5,399.91845480748884,415.9537340461475,445.1856676774963,0.9913119214875806,0.924481497031819,1.0,0.9060633340675127,1.0,-0.29811425792413476,-16.03527923865863
163.99999999999997,400.1367810839111,415.6996329369688,445.2491832556789,0.9918317479067977,0.9267062269445642,0.9999999999953184,0.9088053056829964,0.999992319236344,-0.28938805319438954,-15.56285185305768
164.5,400.3562875433104,415.4454709017202,445.3107814015998,0.9923353196636011,0.9289003941223223,0.999963409502451,0.9115100346226667,0.999921694670817,-0.2805802842314838,-15.089183358409855
165.00000000000003,400.5769542668603,415.191266159614,445.3704586618277,0.9928198944846545,0.9310638397005084,0.9998904319776797,0.9141773246455306,0.9998065826517067,-0.27175014626825345,-14.614311892753676
165.49999999999997,400.7987613292151,414.9370369849515,445.4282116889899,0.993290035243724,0.9331964067817827,0.9997810904261857,0.916806981914886,0.999647013164513,-0.2628983496193454,-14.13827565573638
166.0,401.02168879991865,414.6828017057243,445.4840372463334,0.9937466561671338,0.9352979405286035,0.999635410189868,0.9193988151116109,0.999443019056839,-0.254025605692773,-13.661112905805624
166.50000000000003,401.2457167442691,414.42857870419357,445.53793220808586,0.9941842719096109,0.9373682881741071,0.999453418956889,0.9219526354475518,0.9991946360501208,-0.24513262698465374,-13.18286195992448
167.0,401.47082522467736,414.17438641584386,445.5898935548895,0.9946047068799638,0.9394072989424816,0.9992351466707117,0.92446825656832,0.9989019026283195,-0.23622012703444578,-12.7035611911665
167.5,401.6969943022154,413.920243327438,445.6399183769479,0.9950143638160356,0.9414148241155395,0.9989806255802316,0.9269454946348332,0.9985648600990079,-0.2272888203600363,-12.223249025222628
168.00000000000003,401.92420403754585,413.6661679774391,445.68800387615624,0.9954050080838401,0.9433907170772278,0.9986898902818884,0.9293841683778252,0.9981835526448963,-0.21833942244826937,-11.741963939893253
168.5,402.15243449198124,413.41217895543014,445.7341473620777,0.9957766351048699,0.9453348332428209,0.9983629776411354,0.93178409901139,0.9977580272277689,-0.2093726497244561,-11.259744463448897
168.99999999999997,402.3816657291387,413.1582949000974,445.77834625246624,0.9961384004448894,0.9472470300765549,0.9979999267927973,0.9341451102547107,0.9972883335887162,-0.20038921948415508,-10.7766291709587
169.5,402.61187781600654,412.9045344990723,445.82059807699966,0.996482062086053,0.9491271671669834,0.9976007792106355,0.9364670284242891,0.9967745243331626,-0.19138984987031446,-10.292656683065786
170.0,402.8430508237177,412.65091648878956,445.8609004746726,0.9968067002778206,0.9509751061814983,0.9971655786575867,0.9387496823784262,0.9962166548700181,-0.18237525985636158,-9.807865665071859
170.49999999999997,403.0751648292186,412.3974596527208,445.89925119150143,0.9971187286691882,0.9527907108309694,0.9966943711341919,0.940992903474165,0.9956147833484524,-0.17334616918219675,-9.322294823502205
171.0,403.30819991649616,412.1441828204605,445.9356480851761,0.9974153977871352,0.9545738469631376,0.9961872049619347,0.9431965256815881,0.994968970759685,-0.1643032983144991,-8.83598290396435
171.50000000000003,403.54213617720256,411.8911048678991,445.9700891242287,0.9976930380195123,0.9563243825499044,0.9956441307683885,0.945360385568342,0.994279280918843,-0.15524736843826434,-8.348968690696552
172.0,403.7769537121573,411.63824471585417,446.00257238377185,0.9979553159175966,0.9580421876141272,0.9950652014004912,0.9474843222102997,0.9935457803588006,-0.1461791014034168,-7.861291003696863
172.5,404.01263263275996,411.38562132850336,446.0330960498271,0.9982049838810791,0.9597271343178051,0.9944504719987094,0.9495681772995088,0.9927685384206861,-0.13709921966945643,-7.372988695743402
173.00000000000003,404.24915306162916,411.13325371363464,446.06165842024825,0.9984356182922423,0.9613790969824815,0.9938000000155923,0.9516117951692012,0.9919476272765881,-0.12800844629815084,-6.884100652005486
173.5,404.48649513376984,410.88116092168457,446.08825790011474,0.9986481344602474,0.9629979520079736,0.9931138451244884,0.9536150226945569,0.9910831218178651,-0.11890750491400993,-6.394665787914732
173.99999999999997,404.7246389981728,410.6293620438472,446.1128930041029,0.9988507939119342,0.9645835779245543,0.9923920692552867,0.955577709356661,0.9901750996986453,-0.10979711963936396,-5.904723045674416
174.50000000000003,404.9635648185918,410.37787621206274,446.1355623592004,0.9990344159165045,0.9661358554477721,0.9916347366455126,0.9574997073095992,0.9892236413982911,-0.10067801507966648,-5.414311393470939
175.0,405.2032527743111,410.1267225984259,446.1562647010102,0.9991989983111934,0.9676546674124156,0.9908419137679101,0.9593808712998074,0.9882288301328076,-0.0915509162982928,-4.923469824114761
175.49999999999997,405.44368306186436,409.8759204133418,446.17499887327904,0.9993528062967104,0.9691398987717416,0.9900136693128676,0.9612210586653046,0.98719075183317,-0.08241654875019533,-4.432237351477454
176.0,405.68483589601874,409.62548890495515,446.1917638320588,0.9994894105925215,0.9705914366804993,0.9891500742641399,0.9630201294372877,0.9861094952378363,-0.07327563825308103,-3.9406530089364082
176.5,405.92669151022244,409.37544735888764,446.2065586436281,0.999606972684077,0.9720091704578814,0.9882512018584358,0.964777946294888,0.9849851518433156,-0.06412891097411809,-3.4487558486652006
176.99999999999997,406.16923015827933,409.12581509665,446.219382481342,0.9997110043441879,0.9733929915360627,0.9873171275186107,0.9664943745024273,0.9838178158223352,-0.05497709336935908,-2.9565849383706677
177.5,406.4124321155615,408.87661147445283,446.2302346303675,0.9998005869176699,0.9747427935551284,0.9863479289372709,0.9681692820255927,0.9826075841259253,-0.04582091213902163,-2.4641793588913288
178.00000000000003,406.656277679351,408.62785588313807,446.23911448740614,0.9998711254685917,0.9760584723594503,0.9853436860712175,0.969802539527042,0.9813545564766195,-0.036661094219858956,-1.9715782037870895
178.5,406.9007471702183,408.37956774692185,446.2460215560803,0.9999253762695938,0.9773399259172665,0.9843044810486195,0.9713940202682284,0.9800588352548452,-0.02749836673617589,-1.4788205767035265
179.0,407.14582093349304,408.13176652174474,446.25095545077954,0.9999679343997591,0.9785870544000648,0.983230398233704,0.9729436002065978,0.9787205255778413,-0.01833345694181984,-0.9859455882516954
179.50000000000003,407.39147933969645,407.88447169517224,446.25391589816695,0.9999914474661351,0.9797997602130016,0.9821215242546532,0.9744511580328201,0.9773397353337502,-0.009167092210214922,-0.492992355475792
-180.0,407.6377027854494,407.6377027854494,446.25490273271566,0.9999959152051093,0.9809779479150842,0.9809779479150842,0.975916575073304,0.9759165750733064,-7.751406563433237e-15,0.0
