heading_error_deg,pfl3r,pfl3l,pfl2,dna03r,dna03l,dna02r,dna02l,steering
-180.0,0.11567753162766876,0.11567753162766879,0.3076955445343799,1.3464597097651885,1.3464597097651885,16.27319404880993,16.27319404880993,0.0
-179.5,0.11436674313608546,0.11698972556868484,0.30769090031267465,1.3451303443867841,1.3477533268193835,16.255930875777494,16.29002964740129,-0.034098771623796154
-179.0,0.11305746184060081,0.11830322375092192,0.30767696782233395,1.3437653331299366,1.3490110950402576,16.23824145939984,16.306436364234013,-0.06819490483417212
-178.5,0.11174979001963169,0.11961792550960167,0.307653747644299,1.3423647805968275,1.3502329160867976,16.22012715718156,16.322412918551173,-0.1022857613696111
-178.0,0.11044383049373994,0.12093373071376104,0.3076212407772923,1.340928793602909,1.3514186938229302,16.201589353728647,16.337958056588924,-0.13636870286027758
-177.5,0.10913968662460423,0.12225053976691569,0.3075794485768984,1.3394574809321977,1.3525683340745092,16.18262945781098,16.353070548661027,-0.17044109085004777
-177.0,0.10783746230544339,0.12356825361596467,0.30752837278643447,1.3379509534511813,1.3536817447617024,16.16324890371962,16.367749190756392,-0.20450028703677248
-176.5,0.10653726196899564,0.12488677374464453,0.3074680155721647,1.3364093242576545,1.3547588360333034,16.14344915306085,16.381992806144286,-0.23854365308343617
-176.0,0.10523919059004655,0.12620600216707692,0.3073983794745435,1.3348327084882206,1.355799520065251,16.123231692448694,16.39580024295009,-0.27256855050139706
-175.5,0.10394335367644288,0.12752584143924614,0.30731946740188654,1.333221223283989,1.3568037110467923,16.102598033084313,16.409170374000755,-0.3065723409164427
-175.0,0.10264985727193932,0.12884619465677202,0.30723128268456285,1.3315749880101908,1.3577713253950234,16.081549713394228,16.422102099397055,-0.3405523860028268
-174.5,0.10135880796184023,0.13016696544293752,0.30713382904755665,1.3298941241520668,1.3587022816331642,16.060088297786642,16.43459434504091,-0.3745060472542683
-174.0,0.10007031286649891,0.13148805795967394,0.3070271105693054,1.3281787551437203,1.3595965002368955,16.038215374591143,16.446646060802422,-0.408430686211279
-173.5,0.09878447963858872,0.13280937690996944,0.3069111317433518,1.326429006611996,1.3604539038833765,16.01593255898254,16.458256223510485,-0.4423236645279438
-173.0,0.09750141647054142,0.1341308275244332,0.30678589747453283,1.3246450063686728,1.3612744174225646,15.993241492894613,16.469423836595208,-0.47618234370059476
-172.5,0.09622123209118115,0.13545231556714682,0.3066514130189677,1.3228268841670519,1.3620579676430176,15.970143842095805,16.480147927283358,-0.5100040851875534
-172.0,0.09494403575891601,0.1367737473431948,0.3065076840341047,1.3209747718953349,1.3628044834796138,15.946641298502934,16.49042754909856,-0.543786250595625
-171.5,0.09366993726892121,0.13809502968737805,0.306354716598202,1.3190888036617292,1.363513896080186,15.922735581209672,16.50026178264961,-0.5775262014399374
-171.0,0.09239904695265341,0.13941606996183095,0.30619251715248674,1.3171691155626004,1.364186138571778,15.89842843370386,16.509649732823167,-0.6112212991193076
-170.5,0.09113147566978293,0.14073677606808227,0.30602109252023674,1.31521584575073,1.3648211461490292,15.873721624678542,16.518590529856432,-0.6448689051778906
-170.0,0.08986733481255098,0.14205705644033476,0.3058404499488964,1.3132291346081366,1.3654188562359204,15.84861695011019,16.52708333127138,-0.6784663811611917
-169.5,0.08860673630788801,0.1433768200346182,0.3056505970681652,1.3112091245805488,1.365979208307279,15.823116231274474,16.535127319721965,-0.7120110884474915
-169.0,0.08734979261037727,0.14469597634303405,0.30545154187144685,1.3091559600961646,1.3665021438288214,15.797221313764352,16.54272170228889,-0.7455003885245386
-168.5,0.08609661670228554,0.14601443539259668,0.30524329277366447,1.3070697877969435,1.3669876064872546,15.770934070265607,16.54986571323965,-0.7789316429740438
-168.0,0.0848473220977055,0.14733210772917732,0.3050258585919972,1.3049507564656944,1.3674355420971662,15.744256399686037,16.556558612895174,-0.8123022132091364
-167.5,0.08360202283762061,0.14864890442930256,0.30479924849672313,1.3027990168245132,1.3678458984161952,15.717190224731779,16.56279968542364,-0.8456094606918629
-167.0,0.08236083348586425,0.14996473710491742,0.3045634720709303,1.3006147217695856,1.3682186253886388,15.689737494720891,16.56858824176858,-0.8788507470476894
-166.5,0.08112386913405009,0.15127951788728217,0.304318539314331,1.2983980263913741,1.3685536751446061,15.66190018583054,16.573923619622555,-0.9120234337920152
-166.0,0.07989124539892804,0.1525931594309073,0.3040644605828984,1.2961490877305215,1.3688510017625009,15.633680298165187,16.57880518058092,-0.9451248824157314
-165.5,0.07866307841585415,0.15390557492454598,0.30380124662975977,1.2938680649348933,1.369110561443585,15.605079857634573,16.583232312247567,-0.978152454612994
-165.0,0.07743948484278272,0.15521667807894382,0.30352890863220366,1.2915551193715973,1.3693323126077586,15.57610091730195,16.587204429372047,-1.0111035120700969
-164.5,0.07622058185960197,0.15652638312029768,0.3032474581388827,1.2892104144151328,1.3695162156758285,15.546745554841195,16.59072097123024,-1.0439754163890456
-164.0,0.07500648716129873,0.15783460480604497,0.30295690707646755,1.286834115467169,1.3696622331119153,15.517015872767326,16.593781402149027,-1.0767655293817011
-163.5,0.07379731895919799,0.1591412584188036,0.302657267797362,1.2844263901486461,1.3697703296082517,15.486914000742951,16.596385213717824,-1.1094712129748725
-163.0,0.07259319598204778,0.16044625975050075,0.3023485530455854,1.2819874081643894,1.3698404719328423,15.45644209395472,16.59853192294461,-1.1420898289898886
-162.5,0.07139423747023127,0.1617495251192597,0.3020307759272718,1.2795173411793184,1.369872628828347,15.425602331622052,16.600221071059423,-1.1746187394373706
-162.0,0.07020056317364634,0.16305097137016525,0.30170394996998195,1.2770163630535742,1.3698667712500932,15.394396919816536,16.601452226371283,-1.2070553065547465
-161.5,0.0690122933539046,0.1643505158553255,0.3013680891115428,1.2744846498000757,1.3698228723014967,15.362828090954814,16.602224983473285,-1.2393968925184708
-161.0,0.06782954878011177,0.1656480764454459,0.30102320764584384,1.271922379363487,1.3697409070288213,15.330898101141957,16.602538960791303,-1.271640859649347
-160.5,0.0666524507239809,0.16694357153797076,0.30066932027773857,1.2693297318349352,1.369620852648925,15.298609232743203,16.60239380332507,-1.3037845705818683
-160.0,0.06548112096208916,0.16823692003892943,0.3003064421342661,1.2667068894991536,1.369462688575994,15.265963794951931,16.601789182950856,-1.3358253879989253
-159.5,0.06431568177315859,0.16952804136363703,0.29993458870657114,1.264054036599443,1.3692663961899216,15.232964120966475,16.600724795642698,-1.367760674676223
-159.0,0.06315625593182704,0.1708168554519596,0.2995537758798956,1.2613713594514095,1.369031958971542,15.19961256934874,16.599200363110466,-1.3995877937617252
-158.5,0.062002966709611994,0.17210328275596676,0.29916401996732833,1.2586590465789254,1.36875936262528,15.165911525656716,16.597215634259328,-1.4313041086026121
-158.0,0.060855937873447515,0.1733872442281418,0.29876533766356367,1.2559172885277021,1.3684485948823966,15.131863400205873,16.5947703828169,-1.4629069826110275
-157.5,0.05971529367955887,0.17466866134117784,0.29835774603936294,1.2531462778370106,1.3680996454986296,15.097470627723688,16.59186440732473,-1.4943937796010438
-157.0,0.058581158872074636,0.17594745608346188,0.2979412625932049,1.2503462092448943,1.3677125064562816,15.062735669810806,16.588497533558844,-1.5257618637480377
-156.5,0.057453658682565904,0.1772235509379065,0.2975159052254204,1.2475172795842473,1.367287171839588,15.027661013693532,16.584669613012963,-1.5570085993194311
-156.0,0.05633291882473924,0.17849686890080171,0.2970816921997625,1.2446596876237892,1.3668236376998517,14.99224917031021,16.58038052129902,-1.5881313509888102
-155.5,0.05521906549062231,0.17976733348549112,0.29663864220187497,1.2417736342981223,1.366321902292991,14.95650267706809,16.57563016100138,-1.6191274839332923
-155.0,0.05411222535051573,0.18103486869902832,0.2961867743357764,1.2388593226936213,1.365781966042134,14.92042409767397,16.57041846120464,-1.6499943635306682
-154.5,0.05301252554868779,0.18229939905213088,0.29572610806790817,1.2359169578203204,1.3652038313237636,14.884016019392533,16.564745374937292,-1.6807293555447593
-154.0,0.0519200936978055,0.18356084957169305,0.29525666327445393,1.2329467467956212,1.364587502669509,14.847281055245261,16.5586108816058,-1.71132982636054
-153.5,0.05083505787847287,0.18481914578142186,0.2947784602596442,1.2299488989170497,1.3639329868199987,14.81022184488307,16.55201498762141,-1.741793142738338
-153.0,0.049757546635762165,0.18607421369786806,0.29429151970208783,1.2269236254441136,1.3632402925062195,14.772841051965125,16.5449577237725,-1.7721166718073764
-152.5,0.048687688972988155,0.1873259798505671,0.293795862673013,1.2238711396650401,1.362509430542619,14.735141364953469,16.537439146361994,-1.8022977814085248
-152.0,0.04762561434989414,0.18857437127058416,0.29329151067556986,1.2207916570521735,1.3617404139728635,14.697125498975975,16.529459338944946,-1.832333839968971
-151.5,0.04657145267985001,0.18981931547257375,0.29277848560616326,1.217685395104503,1.3609332578972269,14.658796193933885,16.521018410239297,-1.8622222163054118
-151.0,0.045525334323784736,0.1910607404784576,0.2922568097377746,1.2145525732748832,1.3600879794295562,14.620156213622383,16.512116493633133,-1.8919602800107498
-150.5,0.04448739008654638,0.19229857481533688,0.2917265057736186,1.2113934131810207,1.3592045979098113,14.581208348258794,16.50275374973307,-1.921545401474276
-150.0,0.04345775121449626,0.1935327474892561,0.29118759682950623,1.2082081385325212,1.358283134807281,14.54195541360475,16.49293036517663,-1.9509749515718795
-149.5,0.042436549389921197,0.19476318800471987,0.29064010638910626,1.2049969749463463,1.3573236135611448,14.502400248746076,16.48264655073846,-1.9802463019923824
-149.0,0.04142391672573874,0.19598982637237874,0.290084058359105,1.2017601501621586,1.3563260598087987,14.462545718671644,16.471902544077963,-2.0093568254063197
-148.5,0.04041998576301305,0.19721259308303243,0.2895194770727848,1.1984978940541522,1.3552905013741716,14.422394714412839,16.460698609573093,-2.0383038951602543
-148.0,0.039424889465847116,0.1984314191143099,0.28894638723526295,1.195210438406899,1.3542169680553617,14.381950150348635,16.449035035778653,-2.0670848854300186
-147.5,0.03843876121502089,0.1996462359484218,0.28836481396122304,1.1918980170599132,1.3531054917933139,14.341214965933979,16.436912137468187,-2.0956971715342085
-147.0,0.037461734804841,0.2008569755526237,0.2877747827996115,1.188560866003287,1.3519561067510697,14.300192126844285,16.42433025656546,-2.1241381297211763
-146.5,0.03649394443835439,0.20206357036917216,0.28717631968599583,1.1851992231823376,1.3507688491131555,14.258884622626407,16.41128975972704,-2.152405137100633
-146.0,0.035535524720626196,0.2032659533406395,0.28656945094908354,1.1818133285169603,1.3495437571369737,14.21729546692415,16.397791038984323,-2.180495572060174
-145.5,0.0345866106543798,0.2044640579003923,0.2859542033540677,1.1784034240706505,1.348280871316663,14.175427699502185,16.383834513700346,-2.2084068141981614
-145.0,0.033647337635401044,0.20565781794798615,0.28533060407203886,1.1749697539235564,1.3469802342361417,14.133284384718078,16.369420628781686,-2.2361362440636086
-144.5,0.03271784144584066,0.20684716787605123,0.2846986806539312,1.1715125640615656,1.3456418904917762,14.090868610184629,16.354549853777367,-2.263681243592739
-144.0,0.03179825824851895,0.2080320425715869,0.28405846108410787,1.1680321025849505,1.3442658869080184,14.048183489267926,16.33922268546781,-2.2910391961998844
-143.5,0.030888724582279963,0.2092123773852853,0.2834099737704794,1.1645286196641975,1.3428522724672027,14.00523216055265,16.323439646991716,-2.318207486439066
-143.0,0.029989377355418016,0.21038810814997946,0.28275324749649244,1.1610023673413878,1.3414010981359492,13.962017785452073,16.307201285781368,-2.345183500329295
-142.5,0.02910035383887853,0.2115591711934103,0.28208831147053004,1.1574535997209987,1.3399124170755305,13.918543550490863,16.290508176099777,-2.371964625608914
-142.0,0.028221791661226122,0.21272550331059562,0.2814151953360173,1.1538825730052953,1.3383862846546648,13.87481266772477,16.27336091916657,-2.3985482514418006
-141.5,0.027353828802123614,0.21388704176546264,0.2807339291202014,1.1502895452829291,1.3368227582462682,13.830828372197274,16.25576014072068,-2.4249317685234075
-141.0,0.02649660358484812,0.21504372431448798,0.28004454326121764,1.1466747766297187,1.3352218973593586,13.786593923141472,16.23770649262679,-2.451112569485316
-140.5,0.02565025467050485,0.21619548918815668,0.2793470686381135,1.1430385292229588,1.3335837637406107,13.74211260534601,16.219200654075483,-2.477088048729472
-140.0,0.024814921051446788,0.21734227507366077,0.2786415365303124,1.1393810671726963,1.3319084211949104,13.697387727123804,16.200243329412586,-2.5028556022887827
-139.5,0.02399074204346853,0.2184840211452674,0.27792797861324947,1.1357026564964665,1.3301959355982653,13.652422620001067,16.180835248324453,-2.5284126283233856
-139.0,0.02317785727902829,0.21962066705774488,0.27720642700402204,1.1320035652951164,1.3284463750738331,13.607220640820424,16.16097716794374,-2.5537565271233174
-138.5,0.02237640670049598,0.22075215291516198,0.2764769142388951,1.1282840636560763,1.3266598098707423,13.561785170573412,16.140669871364068,-2.578884700790656
-138.0,0.021586530552164335,0.22187841929963942,0.2757394732401901,1.1245444235129247,1.3248363122603999,13.516119612707262,16.119914166424437,-2.603794553717174
-137.5,0.02080836937250565,0.22299940727708228,0.2749941373676876,1.120784918843256,1.3229759567478325,13.470227395491577,16.098710888251073,-2.6284834927594964
-137.0,0.020042063987070535,0.22411505836302,0.27424094041570024,1.1170058256498714,1.321078820025821,13.424111971785527,16.077060898672872,-2.652948926887346
-136.5,0.01928775550031304,0.22522531453798042,0.2734799165649099,1.1132074217599526,1.3191449807976199,13.377776816619745,16.05496508410942,-2.677188267489674
-136.0,0.018545585287067623,0.2263301182662748,0.27271110042384666,1.1093899869824542,1.3171745199616613,13.331225429076518,16.03242435780621,-2.701198928729692
-135.5,0.017815694984893923,0.2274294124679623,0.27193452704487825,1.105553803164407,1.3151675206474753,13.284461332957777,16.009439660237668,-2.7249783272798904
-135.0,0.01709822648564068,0.22852314051372058,0.2711502318782536,1.1016991539986551,1.313124068026735,13.237488074469502,15.986011956834542,-2.74852388236504
-134.5,0.016393321926375663,0.22961124625469403,0.27035825078832204,1.0978263250796638,1.3110442494079821,13.190309222882341,15.962142239150479,-2.771833016268138
-134.0,0.015701123680991115,0.23069367400617194,0.2695586200875274,1.0939356040311008,1.3089281543562816,13.1429283720542,15.937831526281553,-2.7949031542273524
-133.5,0.015021774351431788,0.2317703685222617,0.2687513765035266,1.0900272803655382,1.306775874536368,13.095349138737891,15.91308086295868,-2.8177317242207884
-133.0,0.014355416758216137,0.23284127503067106,0.2679365571654556,1.0861016454200385,1.3045875036924934,13.047575161798678,15.887891319340591,-2.8403161575419134
-132.5,0.013702193931236565,0.2339063392300091,0.2671141996500405,1.0821589925313986,1.3023631378301712,12.999610104308019,15.862263993192064,-2.8626538888840454
-132.0,0.013062249100566732,0.23496550725275647,0.26628434196676826,1.0781996169676398,1.3001028751198296,12.951457652712245,15.83620000869071,-2.8847423559784655
-131.5,0.012435725686595844,0.23601872569385632,0.2654470225203977,1.0742238157681867,1.2978068157754472,12.903121514904836,15.809700514999223,-2.9065790000943874
-131.0,0.011822767290081486,0.2370659416220118,0.2646022801581243,1.0702318879225787,1.295475062254509,12.854605422361026,15.782766688676121,-2.9281612663150955
-130.5,0.011223517682427584,0.2381071025432721,0.2637501541727672,1.0662241343734964,1.293107719234341,12.805913130164384,15.755399733355365,-2.94948660319098
-130.0,0.010638120795398394,0.23914215641122313,0.2628906842570267,1.0622008578235054,1.29070489343933,12.757048414677463,15.727600877683182,-2.9705524630057187
-129.5,0.010066720710526326,0.2401710516524837,0.2620239105357303,1.0581623628534476,1.288266693795405,12.708015074951897,15.699371377197343,-2.991356302245446
-129.0,0.009509461648760365,0.24119373713963824,0.26114987358676794,1.054108955995832,1.28579323148671,12.658816933598745,15.67071251498016,-3.011895581381415
-128.5,0.008966487959705886,0.24221016217787694,0.26026861440154175,1.0500409455658728,1.283284619784044,12.60945783475018,15.641625599586405,-3.0321677648362257
-128.0,0.008437944110476039,0.2432202765409516,0.2593801743909503,1.0459586416742772,1.2807409741047528,12.559941644201803,15.612111965797984,-3.052170321596181
-127.5,0.007923974674644129,0.24422403045825364,0.25848459542180696,1.041862356361872,1.2781624121454815,12.51027225101711,15.582172976204033,-3.0719007251869233
-127.0,0.007424724320961374,0.24522137458130566,0.25758191979166006,1.0377524034876016,1.275549053747946,12.460453566172179,15.551810019556656,-3.0913564533844777
-126.5,0.006940337801678794,0.24621226002167565,0.256672190207722,1.0336290986325667,1.2729010208525635,12.41048952139248,15.521024510252438,-3.1105349888599587
-126.0,0.006470959940800313,0.2471966383531005,0.25575544983160126,1.0294927592672054,1.2702184376795056,12.360384071147266,15.489817890507167,-3.1294338193599014
-125.5,0.006016735622226804,0.2481744615698471,0.25483174227134275,1.0253437047075977,1.2675014306552181,12.3101411921134,15.458191629432465,-3.148050437319064
-125.0,0.005577809777531854,0.24914568211277252,0.2539011115423898,1.021182255947091,1.2647501282823317,12.259764881142624,15.426147221500752,-3.166382340358128
-124.5,0.005154327373549236,0.2501102528871904,0.2529636021086461,1.0170087358081337,1.2619646613217748,12.209259157071154,15.393686188748486,-3.184427031677332
-124.0,0.0047464333998916,0.2510681272256591,0.2520192588909568,1.0128234689637188,1.259145162789486,12.158628060964517,15.360810080699492,-3.202182019734975
-123.5,0.004354272856150359,0.2520192588909569,0.2510681272256591,1.0086267817587866,1.2562917677935932,12.10787565396159,15.327520472414076,-3.219644818452485
-123.0,0.0039779907388500105,0.25296360210864616,0.25011025288719047,1.0044190022876118,1.253404613657408,12.057006018190192,15.293818965997541,-3.2368129478073495
-122.5,0.0036177320283044237,0.2539011115423897,0.2491456821127726,1.0002004604793948,1.2504838399934801,12.006023257781044,15.259707191464152,-3.2536839336831083
-122.0,0.003273641675211806,0.2548317422713429,0.24817446156984718,0.9959714879546006,1.2475295885507316,11.954931497130419,15.22518680488012,-3.270255307749702
-121.5,0.002945864586986424,0.2557554498316015,0.2471966383531006,0.9917324179993888,1.2445420032440038,11.903734880579652,15.190259488759647,-3.2865246081799953
-121.0,0.0026345456139388263,0.25667219020772186,0.24621226002167554,0.987483585700641,1.241521230294424,11.85243757402163,15.15492695374081,-3.30248937971918
-120.5,0.002339829535238131,0.25758191979166006,0.24522137458130566,0.9832253278604608,1.2384674181168827,11.801043763860768,15.119190937194253,-3.318147173333484
-120.0,0.0020618610446128047,0.2584845954218071,0.24422403045825375,0.9789579828776278,1.2353807172548221,11.749557655576147,15.083053202479674,-3.333495546903526
-119.5,0.0018007847358567518,0.25938017439095024,0.24322027654095138,0.9746818908996623,1.2322612805547557,11.697983475531803,15.046515541048018,-3.348532065516215
-119.0,0.0015567450881348818,0.26026861440154175,0.2422101621778769,0.9703973937996424,1.2291092631130494,11.646325470683843,15.009579771758133,-3.3632543010742904
-118.5,0.0013298864510360425,0.2611498735867682,0.24119373713963824,0.966104835009589,1.2259248221453212,11.594587906566103,14.972247739330623,-3.37765983276452
-118.0,0.001120353029409589,0.26202391053573026,0.24017105165248367,0.9618045596393443,1.222708117145665,11.542775068701541,14.93452131628371,-3.3917462475821694
-117.5,0.0009282888679940661,0.2628906842570267,0.23914215641122302,0.9574969145128862,1.2194593099019189,11.490891263022629,14.896402403080053,-3.405511140057424
-117.0,0.0007538378358096445,0.2637501541727673,0.23810710254327216,0.9531822480088983,1.216178564345856,11.438940813942589,14.85789292632304,-3.4189521123804507
-116.5,0.000597143610318799,0.2646022801581245,0.23706594162201183,0.9488609100983662,1.2128660466461718,11.386928064790713,14.818994839912186,-3.4320667751214735
-116.0,0.00045834966137179477,0.2654470225203978,0.23601872569385637,0.9445332524367973,1.2095219252958234,11.334857378902939,14.779710126070277,-3.4448527471673387
-115.5,0.0003375992349208694,0.2662843419667685,0.23496550725275647,0.9401996282459467,1.2061463709777944,11.282733138186282,14.7400407937003,-3.4573076555140183
-115.0,0.0002350353365000899,0.26711419965004074,0.2339063392300091,0.9358603922565365,1.2027395565700771,11.230559742414938,14.699988878490965,-3.4694291360760268
-114.5,0.00015080071448049282,0.2679365571654556,0.23284127503067092,0.9315159008371642,1.1993016572881392,11.178341610760452,14.659556444623126,-3.4812148338626745
-114.0,8.503784309579387e-05,0.2687513765035265,0.2317703685222616,0.9271665119321422,1.1958328505925728,11.126083181028802,14.618745583614402,-3.4926624025855997
-113.5,3.788890523160493e-05,0.2695586200875275,0.230693674006172,0.9228125849299196,1.1923333161122156,11.073788908064266,14.577558413434115,-3.503769505369849
-113.0,9.49577498684162e-06,0.2703582507883219,0.22961124625469384,0.9184544807937622,1.1888032358070972,11.021463265300135,14.535997080473487,-3.514533815173353
-112.5,-1.0095223268447028e-17,0.27115023187825343,0.22852314051372047,0.9140925620548819,1.1852427939331354,10.969110744658582,14.494063759075878,-3.524953014417296
-112.0,9.495774986785222e-06,0.27193452704487836,0.22742941246796244,0.9097271456468365,1.181652176916728,10.916735243537026,14.451760650045616,-3.5350254065085895
-111.5,3.788890523170352e-05,0.27271110042384655,0.22633011826627467,0.9053583619703304,1.1780315734889453,10.864338232549196,14.40908998229119,-3.5447517497419945
-111.0,8.50378430957548e-05,0.2734799165649098,0.22522531453798048,0.9009862959950177,1.1743811747168316,10.811920589783309,14.366054013166888,-3.554133423383579
-110.5,0.00015080071448049815,0.27424094041570035,0.22411505836302012,0.896611034166561,1.1707011738677808,10.759483210713212,14.32265502682907,-3.563171816115858
-110.0,0.00023503533650010767,0.27499413736768774,0.22299940727708228,0.8922326644448293,1.1669917664760168,10.707027008674451,14.27889533507989,-3.571868326405438
-109.5,0.0003375992349208694,0.27573947324019005,0.22187841929963928,0.8878512764334779,1.163253150438747,10.654552916436657,14.234777278505156,-3.580224362068499
-109.0,0.00045834966137185164,0.27647691423889514,0.22075215291516204,0.88346696132202,1.1594855258995433,10.602061885525611,14.190303225033414,-3.588241339507803
-108.5,0.0005971436103185467,0.2772064270040221,0.21962066705774502,0.8790798118412987,1.1556890952350023,10.549554885705904,14.14547556982405,-3.5959206841181466
-108.0,0.0007538378358096338,0.2779279786132495,0.21848402114526727,0.8746899224168787,1.1518640631943187,10.497032906838353,14.100296736945072,-3.6032638301067195
-107.5,0.0009282888679940733,0.2786415365303123,0.2173422750736607,0.8702973891626369,1.1480106368249552,10.444496958819636,14.054769178429774,-3.6102722196101382
-107.0,0.0011203530294093369,0.2793470686381135,0.21619548918815668,0.8659023097820361,1.1441290253907401,10.391948070413841,14.008895373326995,-3.616947302913154
-106.5,0.0013298864510361027,0.28004454326121747,0.2150437243144878,0.8615047837089873,1.1402194405191686,10.339387290958882,13.96267782949124,-3.6232905385323573
-106.0,0.001556745088134896,0.2807339291202014,0.21388704176546258,0.8571049121499852,1.1362820961820517,10.286815690887956,13.916119083304821,-3.6293033924168654
-105.5,0.0018007847358567518,0.2814151953360174,0.21272550331059575,0.8527027979782398,1.1323172085784003,10.234234360474733,13.86922169827682,-3.6349873378020874
-105.0,0.002061861044612847,0.2820883114705303,0.21155917119341042,0.8482985458182545,1.128324996244172,10.181644410863667,13.821988266400595,-3.640343855536928
-104.5,0.0023398295352380885,0.28275324749649255,0.21038810814997946,0.8438922621351559,1.1243056800964104,10.12904697515711,13.774421408653417,-3.6453744334963076
-104.0,0.00263454561393889,0.2834099737704794,0.20921237738528548,0.8394840551550808,1.1202594833116213,10.076443207474908,13.726523773509935,-3.6500805660350277
-103.5,0.0029458645869864597,0.2840584610841081,0.20803204257158692,0.8350740348733341,1.1161866313704558,10.023834283066996,13.678298037529578,-3.654463754462581
-103.0,0.003273641675211799,0.2846986806539312,0.20684716787605106,0.8306623131794161,1.1120873521581354,9.971221399828206,13.629746906551556,-3.6585255067233504
-102.5,0.0036177320283044805,0.285330604072039,0.20565781794798624,0.8262490038202495,1.107961875863984,9.918605777871297,13.580873114439846,-3.662267336568549
-102.0,0.003977990738849769,0.28595420335406774,0.20446405790039246,0.8218342223404196,1.1038104349556375,9.865988658823884,13.531679422821718,-3.6656907639978336
-101.5,0.004354272856150352,0.2865694509490835,0.20326595334063938,0.8174180862187078,1.0996332643116409,9.813371307480645,13.482168622688775,-3.6687973152081295
-101.0,0.004746433399891607,0.2871763196859958,0.2020635703691721,0.81300071487658,1.0954306011626842,9.760755011918851,13.432343533638205,-3.671588521719354
-100.5,0.005154327373549236,0.28777478279961166,0.2008569755526238,0.8085822295840445,1.0912026850101069,9.708141082382083,13.382207002920895,-3.674065920538812
-100.0,0.005577809777531911,0.288364813961223,0.19964623594842176,0.8041627535712189,1.08694975775491,9.65553085263216,13.331761907020145,-3.6762310543879853
-99.5,0.006016735622226776,0.28894638723526295,0.1984314191143101,0.7997424120794672,1.0826720636925034,9.602925680575833,13.281011151545304,-3.678085470969471
-99.0,0.006470959940800313,0.2895194770727849,0.1972125930830326,0.7953213322729307,1.0783698494049152,9.55032694721597,13.229957669931768,-3.679630722715798
-98.5,0.006940337801678894,0.2900840583591053,0.19598982637237888,0.7908996432911944,1.0740433638486209,9.497736057296011,13.178604424542554,-3.6808683672465428
-98.0,0.007424724320961317,0.2906401063891062,0.1947631880047199,0.7864774763398409,1.069692858407986,9.445154440399051,13.126954407284938,-3.6817999668858867
-97.5,0.007923974674644185,0.2911875968295063,0.19353274748925617,0.7820549646316689,1.065318586786531,9.392583550254672,13.075010638267877,-3.6824270880132044
-97.0,0.008437944110476138,0.2917265057736187,0.19229857481533694,0.7776322433718239,1.0609208050349666,9.340024864572364,13.022776166193218,-3.682751301620854
-96.5,0.008966487959705872,0.29225680973777457,0.19106074047845742,0.7732094498735356,1.0564997716516042,9.287479886442133,12.970254069557024,-3.6827741831148906
-96.0,0.009509461648760407,0.29277848560616326,0.1898193154725737,0.7687867235390552,1.052055747496458,9.234950144117422,12.91744745556366,-3.682497311446239
-95.5,0.0100667207105261,0.29329151067556986,0.18857437127058418,0.7643642057928628,1.0475889957579065,9.18243719022488,12.864359459770448,-3.6819222695455682
-95.0,0.01063812079539845,0.29379586267301283,0.18732597985056695,0.7599420401976663,1.0430997820752808,9.129942603167395,12.810993247576382,-3.6810506444089874
-94.5,0.011223517682427613,0.29429151970208783,0.18607421369786795,0.7555203724738994,1.0385883744935596,9.07746798736922,12.757352013624802,-3.679884026255582
-94.0,0.011822767290081486,0.29477846025964427,0.18481914578142197,0.7510993504157694,1.0340550433853322,9.025014972279314,12.70343898088363,-3.678424008604317
-93.5,0.012435725686595902,0.29525666327445377,0.18356084957169286,0.7466791239733673,1.029500061561225,8.972585213367003,12.649257402009155,-3.6766721886421525
-93.0,0.013062249100566718,0.2957261080679083,0.18229939905213105,0.742259845309091,1.0249237042764325,8.920180392809659,12.594810559385099,-3.67463016657544
-92.5,0.013702193931236579,0.2961867743357765,0.18103486869902843,0.7378416687273504,1.0203262491318903,8.86780221865944,12.54010176391846,-3.672299545259021
-92.0,0.014355416758216222,0.2966386422018752,0.17976733348549118,0.733424750700181,1.01570797614384,8.815452425160387,12.485134355927954,-3.6696819307675668
-91.5,0.015021774351431759,0.29708169219976244,0.17849686890080155,0.7290092499546379,1.0110691678029686,8.763132773807087,12.429911705835385,-3.666778932028299
-91.0,0.015701123680991174,0.2975159052254204,0.17722355093790657,0.7245953274326175,1.0064101089770467,8.7108450528724,12.374437212949982,-3.663592160077581
-90.5,0.016393321926375434,0.2979412625932048,0.175947456083462,0.7201831462602234,1.0017310869270528,8.658591077049056,12.31871430571784,-3.660123228668784
-90.0,0.017098226485640695,0.2983577460393628,0.17466866134117776,0.7157728718503518,0.9970323914040738,8.606372688689861,12.262746442888249,-3.6563737541983876
-89.5,0.01781569498489395,0.29876533766356356,0.1733872442281417,0.7113646718974608,0.9923143145761304,8.554191757754422,12.206537112577129,-3.6523453548227067
-89.0,0.018545585287067384,0.2991640199673284,0.17210328275596684,0.7069587163109348,0.9875771509911957,8.502050181018285,12.150089831861678,-3.6480396508433923
-88.5,0.019287755500313083,0.2995537758798956,0.17081685545195946,0.7025551773081509,0.9828211976877335,8.449949883198125,12.093408148132697,-3.643458264934573
-88.0,0.02004206398707059,0.29993458870657114,0.16952804136363692,0.6981542294416183,0.9780467541611189,8.39789281728649,12.036495638639998,-3.6386028213535084
-87.5,0.020808369372505665,0.30030644213426627,0.1682369200389296,0.693756049528224,0.9732541222899846,8.345880963711195,11.979355909614082,-3.6334749459028863
-87.0,0.02158653055216429,0.3006693202777385,0.16694357153797076,0.6893608167040474,0.9684436064296216,8.293916331000734,11.921992597433196,-3.628076266432462
-86.5,0.02237640670049592,0.30102320764584384,0.16564807644544602,0.68496871248228,0.9636155134276279,8.242000956487857,11.864409368777379,-3.6224084122895217
-86.0,0.023177857279028387,0.3013680891115428,0.16435051585532556,0.6805799207003307,0.958770152532845,8.190136905682996,11.806609919505684,-3.616473013822688
-85.5,0.023990742043468686,0.3017039499699821,0.16305097137016536,0.6761946275241302,0.9539078354506436,8.13832627233303,11.748597975377704,-3.610271703044674
-85.0,0.024814921051446788,0.3020307759272718,0.1617495251192596,0.6718130215284852,0.9490288764043102,8.086571179393271,11.690377292778994,-3.6038061133857227
-84.5,0.025650254670504906,0.3023485530455854,0.1604462597505009,0.6674352936725084,0.944133592047589,8.034873778740607,11.631951657616652,-3.5970778788760445
-84.0,0.026496603584847876,0.30265726779736224,0.15914125841880367,0.6630616372600625,0.9392223014725769,7.983236250705598,11.573324885468287,-3.5900886347626884
-83.5,0.027353828802123673,0.3029569070764676,0.15783460480604486,0.6586922480263031,0.934295326300647,7.931660805117761,11.514500822684232,-3.582840017566471
-83.0,0.028221791661226178,0.3032474581388827,0.1565263831202976,0.6543273241424166,0.929352990620073,7.8801496813702245,11.45548334557976,-3.575333664209535
-82.5,0.029100353838878476,0.3035289086322038,0.15521667807894385,0.6499670661546538,0.9243956209479791,7.828705147694724,11.396276360007954,-3.56757121231323
-82.0,0.02998937735541807,0.3038012466297597,0.15390557492454593,0.6456116770536018,0.9194235463279434,7.77732950199864,11.336883802565081,-3.5595543005664414
-81.5,0.030888724582279935,0.3040644605828985,0.1525931594309074,0.6412613623059096,0.9144370983065281,7.7260250722531945,11.277309640261235,-3.5512845680080405
-81.0,0.03179825824851895,0.304318539314331,0.15127951788728233,0.6369163297976483,0.9094366108634604,7.674794215820299,11.217557869675854,-3.5427636538555554
-80.5,0.032717841445840806,0.3045634720709306,0.14996473710491742,0.6325767898655105,0.9044224204906003,7.623639319831966,11.157632517958133,-3.5339931981261667
-80.0,0.033647337635401016,0.3047992484967232,0.14864890442930256,0.6282429553526113,0.8993948662139335,7.572562801866736,11.097537643063925,-3.5249748411971886
-79.5,0.03458661065437985,0.3050258585919972,0.14733210772917743,0.6239150415710896,0.8943542895087069,7.521567109507455,11.037277332696481,-3.5157102231890267
-79.0,0.035535524720626314,0.30524329277366463,0.14601443539259676,0.6195932662910133,0.8893010343440517,7.470654720212786,10.976855704902285,-3.5062009846894986
-78.5,0.03649394443835436,0.3054515418714468,0.14469597634303397,0.6152778498104903,0.8842354472435827,7.419828142164238,10.916276908794439,-3.496448766630201
-78.0,0.03746173480484117,0.3056505970681652,0.14337682003461813,0.6109690149433137,0.8791578772066377,7.369089914124606,10.855545123547818,-3.4864552094232124
-77.5,0.03843876121502069,0.3058404499488965,0.14205705644033495,0.6066669869763605,0.8740686757102363,7.318442604931347,10.79466455847173,-3.4762219535403833
-77.0,0.03942488946584717,0.3060210925202366,0.14073677606808213,0.6023719937381757,0.8689681967925651,7.267888814323956,10.733639454031017,-3.4657506397070614
-76.5,0.040419985763013075,0.3061925171524867,0.13941606996183095,0.5980842656103369,0.8638567969998106,7.217431173087056,10.672474081150215,-3.4550429080631586
-76.0,0.041423916725738766,0.306354716598202,0.13809502968737825,0.5938040354752517,0.858734835347715,7.16707234242876,10.611172740770781,-3.4441003983420213
-75.5,0.04243654938992125,0.30650768403410467,0.1367737473431947,0.5895315387627,0.8536026734068834,7.116815014542322,10.549739764916705,-3.432924750374383
-75.0,0.043457751214496285,0.3066514130189676,0.13545231556714699,0.5852670134830842,0.8484606752875555,7.066661913011506,10.488179516469634,-3.4215176034581276
-74.5,0.04448739008654638,0.30678589747453305,0.1341308275244333,0.5810107001842796,0.8433092075722664,7.016615792297902,10.426496388341729,-3.409880596043827
-74.0,0.04552533432378482,0.30691113174335194,0.13280937690996955,0.576762841963663,0.8381486393832301,6.966679437887741,10.364694804342113,-3.3980153664543717
-73.5,0.04657145267984995,0.3070271105693054,0.1314880579596739,0.5725236845185455,0.832979342408001,6.916855666902396,10.302779219465316,-3.38592355256292
-73.0,0.047625614349894194,0.30713382904755676,0.1301669654429376,0.5682934761216446,0.8278016908193071,6.86714732780963,10.240754118879241,-3.3736067910696113
-72.5,0.048687688972987954,0.30723128268456307,0.12884619465677208,0.5640724676000762,0.8226160613116513,6.8175573001739025,10.17862401842438,-3.361066718250477
-72.0,0.0497575466357622,0.3073194674018864,0.12752584143924595,0.5598609123927459,0.8174228331588702,6.768088495348714,10.116393465308327,-3.3483049699596137
-71.5,0.050835057878472895,0.3073983794745436,0.12620600216707686,0.5556590665467803,0.8122223881428511,6.718743856439836,10.054067037188757,-3.3353231807489205
-71.0,0.05192009369780533,0.30746801557216474,0.12488677374464459,0.5514671886763837,0.807015110550743,6.6695263578144095,9.99164934218108,-3.322122984366671
-70.5,0.053012525548687905,0.3075283727864343,0.12356825361596455,0.547285540012546,0.8018013872502925,6.62043900569924,9.929145019789944,-3.3087060140907036
-70.0,0.05411222535051578,0.30757944857689845,0.12225053976691558,0.543114384418178,0.7965816076445608,6.571484838368653,9.866558740311628,-3.295073901942976
-69.5,0.055219065490622284,0.3076212407772924,0.12093373071376118,0.538953988345667,0.7913561636323372,6.522666925638626,9.803895204365338,-3.2812282787267115
-69.0,0.05633291882473924,0.3076537476442989,0.11961792550960161,0.5348046208631457,0.7861254496827054,6.473988369182488,9.741159143836763,-3.267170774654274
-68.5,0.057453658682565904,0.30767696782233384,0.11830322375092198,0.5306665536862538,0.7808898628260217,6.425452302917612,9.678355321734594,-3.2529030188169825
-68.0,0.058581158872074754,0.30769090031267476,0.116989725568685,0.5265400611468147,0.7756498025874148,6.377061892633852,9.615488531361652,-3.238426638727801
-67.5,0.059715293679559064,0.30769554453438014,0.11567753162766886,0.5224254201902345,0.7704056710450555,6.328820335962373,9.552563597075048,-3.2237432611126753
-67.0,0.06085593787344754,0.3076909003126747,0.11436674313608555,0.5183229104177898,0.765157872857017,6.280730862886925,9.489585374596878,-3.208854511709953
-66.5,0.062002966709612056,0.30767696782233384,0.1130574618406007,0.5142328140720148,0.7599068151847366,6.23279673557379,9.426558750039172,-3.193762014465382
-66.0,0.06315625593182687,0.307653747644299,0.1117497900196318,0.5101554160103541,0.7546529077228261,6.185021248056076,9.363488640318213,-3.178467392262137
-65.5,0.06431568177315856,0.30762124077729236,0.11044383049373994,0.5060910037481183,0.7493965627522521,6.137407726750578,9.300379993804318,-3.16297226705374
-65.0,0.0654811209620893,0.30757944857689845,0.1091396866246042,0.5020398674605061,0.7441381950753152,6.089959530488163,9.23723778948068,-3.1472782589925172
-64.5,0.0666524507239809,0.30752837278643447,0.10783746230544335,0.4980022999457543,0.7388782220082079,6.042680050073033,9.174067036884928,-3.1313869868118953
-64.0,0.0678295487801118,0.30746801557216463,0.10653726196899554,0.493978596656094,0.7336170634481468,5.995572708653239,9.110872776949925,-3.115300068296686
-63.5,0.06901229335390463,0.3073983794745436,0.10523919059004666,0.4899690557140913,0.7283551418347303,5.948640961923,9.047660081491307,-3.0990191195683066
-63.0,0.07020056317364637,0.3073194674018865,0.10394335367644279,0.48597397787941754,0.7230928821076577,5.901888297726657,8.984434052693778,-3.0825457549671214
-62.5,0.07139423747023142,0.3072312826845631,0.10264985727193934,0.4819936665579888,0.7178307117723205,5.855318236166097,8.92119982395241,-3.065881587786313
-62.0,0.07259319598204778,0.3071338290475568,0.10135880796184023,0.4780284278294087,0.7125690608949178,5.808934329934952,8.85796255978657,-3.0490282298516176
-61.5,0.07379731895919804,0.30702711056930526,0.10007031286649885,0.47407857042519347,0.7073083620353007,5.762740164061519,8.794727454992913,-3.0319872909313936
-61.0,0.07500648716129893,0.3069111317433519,0.0987844796385888,0.47014440571565413,0.702049050297707,5.716739355749149,8.731499735315836,-3.0147603795666873
-60.5,0.07622058185960197,0.30678589747453294,0.09750141647054147,0.46622624774176785,0.6967915633566988,5.670935554760816,8.668284657754919,-2.997349102994103
-60.0,0.07743948484278289,0.3066514130189674,0.09622123209118107,0.46232441320750717,0.6915363413836917,5.625332443332869,8.605087509623267,-2.979755066290398
-59.5,0.07866307841585407,0.3065076840341048,0.09494403575891601,0.4584392214515181,0.6862838270697689,5.5799337358340715,8.541913608871333,-2.9619798730372615
-59.0,0.07989124539892808,0.306354716598202,0.09366993726892121,0.4545709944746129,0.6810344656738869,5.534743179094283,8.478768304684845,-2.944025125590562
-58.5,0.08112386913405015,0.30619251715248685,0.09239904695265339,0.45072005694466366,0.6757887049631004,5.489764552470014,8.415656976709693,-2.925892424239679
-58.0,0.0823608334858643,0.30602109252023674,0.09113147566978293,0.446886736164996,0.6705469951993684,5.445001667465816,8.352585034912657,-2.9075833674468408
-57.5,0.08360202283762064,0.30584044994889636,0.08986733481255087,0.4430713620878241,0.6653097891990998,5.40045836789151,8.289557920338094,-2.8890995524465843
-57.0,0.08484732209770555,0.3056505970681654,0.08860673630788818,0.4392742673292583,0.660077542299718,5.356138530048805,8.226581104664781,-2.870442574615976
-56.5,0.08609661670228562,0.3054515418714468,0.08734979261037722,0.4354957871437945,0.6548507123129557,5.312046062427819,8.163660089626914,-2.851614027199095
-56.0,0.08734979261037745,0.30524329277366463,0.08609661670228565,0.43173625941952004,0.6496297595828072,5.268184905644619,8.10080040776735,-2.8326155021227315
-55.5,0.0886067363078881,0.3050258585919973,0.08484732209770553,0.42799602469871023,0.6444151469828194,5.224559032692411,8.03800762238583,-2.8134485896934196
-55.0,0.08986733481255098,0.3047992484967231,0.08360202283762053,0.4242754261630331,0.6392073398472051,5.181172448768948,7.975287326663184,-2.794114877894236
-54.5,0.09113147566978295,0.3045634720709306,0.08236083348586436,0.4205748096132404,0.634006806014388,5.138029191028667,7.912645144243586,-2.7746159532149193
-54.0,0.09239904695265347,0.304318539314331,0.08112386913405015,0.41689452348885403,0.6288140158505315,5.095133328818902,7.85008672952071,-2.754953400701808
-53.5,0.09366993726892132,0.30406446058289827,0.07989124539892793,0.41323491886463304,0.6236294421786099,5.052488963644518,7.787617766726218,-2.7351288030816994
-53.0,0.09494403575891587,0.3038012466297599,0.07866307841585413,0.40959634942233236,0.6184535602931764,5.010100228826904,7.7252439701478774,-2.715143741320974
-52.5,0.09622123209118123,0.3035289086322037,0.07743948484278275,0.4059791714623122,0.6132868480033347,4.967971289638927,7.66297108467222,-2.6949997950332927
-52.0,0.09750141647054161,0.3032474581388829,0.07622058185960202,0.4023837439089497,0.6081297855772909,4.926106343377938,7.600804885066374,-2.6746985416884357
-51.5,0.09878447963858872,0.3029569070764676,0.07500648716129865,0.3988104282837833,0.6029828557216622,4.884509619043989,7.538751175736413,-2.6542415566924245
-51.0,0.10007031286649888,0.3026572677973619,0.07379731895919796,0.3952595887032907,0.5978465436341538,4.8431853773059865,7.4768157914072075,-2.633630414101221
-50.5,0.10135880796184026,0.3023485530455856,0.07259319598204791,0.3917315918900319,0.5927213369737773,4.802137910642223,7.415004596730912,-2.6128666860886893
-50.0,0.10264985727193934,0.30203077592727173,0.07139423747023116,0.38822680715286395,0.5876077258081964,4.761371543106306,7.353323485625629,-2.591951942519323
-49.5,0.103943353676443,0.3017039499699822,0.07020056317364642,0.3847456063710287,0.5825062026645679,4.720890630128788,7.291778381944797,-2.5708877518160094
-49.0,0.10523919059004663,0.30136808911154284,0.06901229335390469,0.38128836400566535,0.5774172625271616,4.680699558658032,7.230375239437483,-2.549675680779451
-48.5,0.1065372619689957,0.30102320764584367,0.06782954878011167,0.3778554570894424,0.5723414027662903,4.640802747042304,7.169120040841327,-2.528317293799023
-48.0,0.10783746230544329,0.3006693202777387,0.06665245072398099,0.37444726520136723,0.5672791231736627,4.60120464472185,7.108018798361691,-2.5068141536398407
-47.5,0.10913968662460431,0.30030644213426627,0.06548112096208919,0.3710641704729611,0.562230925982623,4.561909732300137,7.047077553925742,-2.4851678216256055
-47.0,0.11044383049373994,0.2999345887065713,0.06431568177315854,0.3677065575863741,0.5571973157992054,4.522922521530229,6.986302378297036,-2.4633798567668066
-46.5,0.11174979001963177,0.2995537758798956,0.06315625593182699,0.3643748137469397,0.5521787996072036,4.4842475549829075,6.925699371166339,-2.4414518161834318
-46.0,0.11305746184060081,0.2991640199673283,0.06200296670961194,0.36106932867904856,0.547175886805776,4.445889405989184,6.86527466163664,-2.419385255647456
-45.5,0.11436674313608561,0.2987653376635637,0.060855937873447605,0.357790494629876,0.5421890891573542,4.4078526786945975,6.805034407551814,-2.397181728857216
-45.0,0.11567753162766883,0.2983577460393628,0.059715293679558815,0.3545387063459041,0.5372189207575981,4.370142007778518,6.744984795130541,-2.374842787352023
-44.5,0.11698972556868498,0.29794126259320475,0.05858115887207461,0.35131436105698344,0.5322658980815032,4.332762058252487,6.685132039571243,-2.3523699813187555
-44.0,0.118303223750922,0.2975159052254205,0.05745365868256596,0.3481178584811858,0.5273305399556844,4.295717525525151,6.625482384693633,-2.329764859168482
-43.5,0.1196179255096018,0.2970816921997623,0.056332918824739155,0.3449496008085584,0.5224133674987189,4.259013135212303,6.56604210218439,-2.307028966972087
-43.0,0.12093373071376123,0.2966386422018752,0.05521906549062237,0.3418099926762507,0.5175149041643646,4.22265364282877,6.506817492174251,-2.2841638493454814
-42.5,0.12225053976691569,0.2961867743357765,0.05411222535051578,0.3386994411689788,0.5126356757378396,4.186643833794662,6.447814883189852,-2.26117104939519
-42.0,0.12356825361596449,0.29572610806790806,0.05301252554868776,0.33561835581071553,0.5077762102626591,4.150988523344551,6.3890406312198165,-2.2380521078752658
-41.5,0.12488677374464464,0.2952566632744539,0.05192009369780544,0.3325671485358664,0.5029370380656757,4.115692556175041,6.3305011200625625,-2.2148085638875212
-41.0,0.12620600216707697,0.29477846025964416,0.05083505787847287,0.32954623368096847,0.4981186917735356,4.080760806338699,6.272202761542072,-2.1914419552033735
-40.5,0.12752584143924595,0.29429151970208794,0.04975754663576211,0.3265560279822944,0.4933217062451364,4.0461981772267785,6.214151994643724,-2.1679538174169455
-40.0,0.12884619465677205,0.29379586267301294,0.048687688972988044,0.3235969505487242,0.4885466185649651,4.012009601241463,6.1563552854525945,-2.1443456842111317
-39.5,0.1301669654429377,0.29329151067556974,0.047625614349894076,0.320669422842514,0.4837939680751461,3.9782000395531054,6.098819127577322,-2.1206190880242164
-39.0,0.13148805795967392,0.29277848560616343,0.04657145267985004,0.3177738686790741,0.4790642963255636,3.944774482108563,6.041550041512926,-2.0967755594043633
-38.5,0.13280937690996955,0.29225680973777446,0.04552533432378462,0.314910714205108,0.4743581470329129,3.911737947371266,5.984554574132729,-2.072816626761463
-38.0,0.1341308275244336,0.2917265057736188,0.04448739008654644,0.3120803878706193,0.46967606611980456,3.8790954819718655,5.927839299211274,-2.0487438172394086
-37.5,0.13545231556714687,0.29118759682950646,0.043457751214496285,0.309283320425132,0.4650186016874916,3.8468521606687314,5.871410817079406,-2.0245586564106746
-37.0,0.13677374734319483,0.2906401063891061,0.04243654938992111,0.30651994490287926,0.46038630394879054,3.815013086177746,5.815275753774593,-2.000262667596847
-36.5,0.13809502968737827,0.2900840583591053,0.041423916725738794,0.3037906965903334,0.45577972526206045,3.7835833887713792,5.759440761503831,-1.975857372732452
-36.0,0.13941606996183106,0.2895194770727848,0.04041998576301305,0.3010960130138832,0.451199420124837,3.75256822612843,5.703912518570829,-1.951344292442399
-35.5,0.1407367760680822,0.28894638723526284,0.03942488946584706,0.2984363339314704,0.4466459450986511,3.721972783245727,5.648697728419076,-1.9267249451733486
-35.0,0.14205705644033498,0.28836481396122304,0.0384387612150208,0.2958121013004182,0.4421198588213062,3.691802272045353,5.593803119816898,-1.902000847771545
-34.5,0.14337682003461827,0.28777478279961155,0.037461734804841,0.29322375925398225,0.43762172201897553,3.6620619310824054,5.539235447027318,-1.8771735159449126
-34.0,0.14469597634303402,0.287176319685996,0.036493944438354416,0.2906717540964517,0.43315209743941363,3.6327570255004544,5.485001488958959,-1.8522444634585047
-33.5,0.14601443539259668,0.2865694509490835,0.035535524720626085,0.288156534275101,0.4287115498315878,3.603892846693809,5.431108048928137,-1.8272152022343282
-33.0,0.14733210772917746,0.28595420335406757,0.03458661065437974,0.2856785503466964,0.42430064597158657,3.5754747118895347,5.377561955013106,-1.8020872431235713
-32.5,0.1486489044293026,0.28533060407203914,0.0336473376354011,0.283238254970907,0.4199199546136435,3.5475079640801868,5.324370059435761,-1.7768620953555745
-32.0,0.1499647371049174,0.2846986806539312,0.03271784144584052,0.2808361028882795,0.41557004643729334,3.519997971764271,5.271539237901451,-1.7515412661371803
-31.5,0.15127951788728256,0.2840584610841081,0.03179825824851901,0.2784725508813586,0.4112514940781841,3.4929501284635855,5.219076390022317,-1.7261262615587314
-31.0,0.15259315943090734,0.2834099737704795,0.030888724582279963,0.2761480577600272,0.40696487209959936,3.4663698525512334,5.166988438965672,-1.7006185864144383
-30.5,0.15390557492454598,0.2827532474964924,0.02998937735541793,0.2738630843462177,0.4027107569181641,3.4402625870791583,5.115282330514462,-1.6750197434353034
-30.0,0.15521667807894396,0.28208831147053026,0.029100353838878563,0.2716180934344582,0.3984897268260445,3.4146337992924423,5.063965033383064,-1.6493312340906217
-29.5,0.1565263831202977,0.2814151953360174,0.028221791661226178,0.26941354976520243,0.3943023619809221,3.389488980302727,5.013043539107083,-1.623554558804356
-29.0,0.1578346048060448,0.2807339291202014,0.027353828802123545,0.26724992001453896,0.3901492443286956,3.364833644980512,4.962524861064549,-1.5976912160840366
-28.5,0.1591412584188037,0.28004454326121764,0.026496603584847945,0.2651276727581955,0.3860309576006094,3.3406733315171495,4.912416034468531,-1.571742702951381
-28.0,0.16044625975050092,0.2793470686381133,0.02565025467050481,0.2630472784325202,0.3819480873201325,3.317013600940743,4.862724116479704,-1.545710515538961
-27.5,0.16174952511925966,0.2786415365303125,0.02481492105144683,0.261009209325047,0.3779012207360998,3.2938600370198237,4.81345618536351,-1.5195961483436862
-27.0,0.1630509713701653,0.27792797861324947,0.0239907420434684,0.2590139395440389,0.3738909467871231,3.271218245898632,4.764619340058726,-1.493401094160094
-26.5,0.16435051585532565,0.277206427004022,0.02317785727902826,0.2570619449714387,0.369917856120135,3.2490938555125903,4.716220700445642,-1.4671268449330515
-26.0,0.1656480764454459,0.2764769142388952,0.02237640670049598,0.2551537032474298,0.36598254104087913,3.2274925154146037,4.668267406729445,-1.4407748913148413
-25.5,0.16694357153797074,0.27573947324019005,0.021586530552164192,0.2532896937466275,0.36208559544884683,3.2064198964975006,4.620766618626352,-1.414346722128851
-25.0,0.1682369200389296,0.2749941373676877,0.020808369372505665,0.2514703975289523,0.3582276148577104,3.185881690386357,4.573725515660212,-1.3878438252738547
-24.5,0.16952804136363706,0.27424094041570046,0.02004206398707055,0.24969629731191925,0.35440919636398266,3.165883609106668,4.527151296783493,-1.3612676876768246
-24.0,0.1708168554519595,0.2734799165649098,0.019287755500312982,0.24796787745321142,0.3506309385661617,3.146431384890496,4.48105117935885,-1.3346197944683542
-23.5,0.17210328275596687,0.2727111004238468,0.01854558528706748,0.2462856239042368,0.3468934415721167,3.1275307696068086,4.4354323992892475,-1.3079016296824388
-23.0,0.1733872442281418,0.2719345270448783,0.017815694984893937,0.24465002416771756,0.34319730698445405,3.1091875342407524,4.3903022108583265,-1.281114676617574
-22.5,0.17466866134117764,0.27115023187825366,0.01709822648564061,0.24306156728374007,0.3395431378208161,3.091407468746058,4.345667885728047,-1.2542604169819889
-22.0,0.1759474560834619,0.27035825078832193,0.016393321926375506,0.24152074378896393,0.33593153849382396,3.074196381551029,4.301536712714209,-1.2273403311631799
-21.5,0.17722355093790668,0.2695586200875274,0.01570112368099106,0.24002804566187091,0.3323631148114916,3.0575600988803577,4.257915997825426,-1.2003558989450687
-21.0,0.1784968689008017,0.26875137650352665,0.015021774351431816,0.23858396630652895,0.3288384739092539,3.0415044645791487,4.2148130634145735,-1.1733085988354248
-20.5,0.17976733348549118,0.26793655716545556,0.014355416758215995,0.23718900051835515,0.32535822419831956,3.026035339705753,4.172235247545291,-1.1461999078395375
-20.0,0.18103486869902838,0.26711419965004035,0.013702193931236565,0.23584364442397465,0.3219229753749866,3.011158601786724,4.13018990414988,-1.119031302363156
-19.5,0.18229939905213097,0.2662843419667685,0.013062249100566732,0.2345483954543979,0.3185333383690354,2.996880144504906,4.088684402395193,-1.0918042578902876
-19.0,0.18356084957169297,0.2654470225203976,0.012435725686595803,0.23330375231807618,0.3151899252667808,2.983205877388607,4.047726125721767,-1.0645202483331602
-18.5,0.18481914578142206,0.2646022801581245,0.0118227672900815,0.23211021494174805,0.3118933493184505,2.970141725082399,4.00732247197953,-1.0371807468971315
-18.0,0.18607421369786806,0.2637501541727672,0.011223517682427598,0.23096828442757844,0.3086442249024776,2.957693626828809,3.9674808530024985,-1.0097872261736893
-17.5,0.1873259798505669,0.26289068425702655,0.010638120795398378,0.22987846303216042,0.30544316743862004,2.945867536236492,3.9282086935204674,-0.9823411572839755
-17.0,0.18857437127058413,0.2620239105357304,0.01006672071052617,0.2288412541126888,0.30229079337783504,2.93466942062285,3.889513431069751,-0.9548440104469011
-16.5,0.1898193154725738,0.26114987358676806,0.009509461648760393,0.22785716206761536,0.2991877201818096,2.9241052602839583,3.8514025157684832,-0.9272972554845249
-16.0,0.1910607404784576,0.26026861440154186,0.008966487959705886,0.22692669231728116,0.2961345662403654,2.9141810482858315,3.8138834092859266,-0.8997023610000952
-15.5,0.1922985748153369,0.2593801743909503,0.008437944110475869,0.22605035125724038,0.29313195083285376,2.9049027899022213,3.776963584385195,-0.8720607944829739
-15.0,0.19353274748925617,0.2584845954218068,0.007923974674644086,0.2252286461878325,0.29018049412038316,2.896276501743246,3.7406505248664046,-0.8443740231231587
-14.5,0.1947631880047199,0.2575819197916603,0.007424724320961388,0.22446208528856545,0.28728081707550585,2.888308211467505,3.70495172469773,-0.816643513230225
-14.0,0.19598982637237883,0.2566721902077219,0.006940337801678652,0.22375117757909344,0.28443354141443655,2.8810039573215,3.6698746871809607,-0.7888707298594606
-13.5,0.1972125930830327,0.2557554498316015,0.0064709599408004125,0.22309643284623437,0.2816392895948031,2.8743697872378453,3.635426924969239,-0.7610571377313935
-13.0,0.19843141911431006,0.25483174227134286,0.006016735622226818,0.22249836160321734,0.27889868476025015,2.8684117583529183,3.6016159593943446,-0.7332042010414264
-12.5,0.19964623594842168,0.2539011115423897,0.00557780977753184,0.22195747505854904,0.27621235065251704,2.8631359366510103,3.5684493193725944,-0.7053133827215841
-12.0,0.20085697555262386,0.25296360210864616,0.005154327373549258,0.22147428504682087,0.2735809116028432,2.8585483961144744,3.535934541342765,-0.6773861452282905
-11.5,0.20206357036917227,0.25201925889095683,0.004746433399891607,0.2210493039687387,0.27100499249052323,2.8546552179940368,3.5040791687772357,-0.6494239507831989
-11.0,0.20326595334063935,0.25106812722565897,0.004354272856150345,0.22068304476524073,0.26848521865026037,2.851462490523528,3.472890751028783,-0.621428260505255
-10.5,0.20446405790039227,0.2501102528871904,0.003977990738849812,0.2203760208557915,0.26602221584258967,2.8489763081698904,3.4423768429982666,-0.5934005348283762
-10.0,0.2056578179479863,0.24914568211277252,0.00361773202830441,0.22012874606120394,0.26361661022599014,2.8472027706824337,3.412545004824654,-0.5653422341422205
-9.5,0.20684716787605115,0.24817446156984738,0.003273641675211813,0.2199417345768984,0.26126902827069465,2.846147982798832,3.383402800818183,-0.5372548180193513
-9.0,0.20803204257158686,0.24719663835310057,0.002945864586986225,0.21981550091953175,0.2589800967010455,2.845818053605968,3.3549577987656463,-0.5091397451596782
-8.5,0.2092123773852854,0.2462122600216754,0.002634545613938812,0.21975055984104064,0.2567504424774307,2.846219095477773,3.327217569750843,-0.4809984742730702
-8.0,0.21038810814997952,0.24522137458130583,0.0023398295352381384,0.21974742629093208,0.25458069272225836,2.847357223641165,3.3001896872484062,-0.4528324636072414
-7.5,0.2115591711934103,0.24422403045825358,0.0020618610446126126,0.21980661537186075,0.25247147463670405,2.8492385556557394,3.2738817260987023,-0.42464317044296296
-7.0,0.2127255033105959,0.24322027654095157,0.0018007847358567518,0.2199286422540229,0.2504234154843786,2.8518692103588705,3.2483012623534946,-0.39643205199462406
-6.5,0.21388704176546264,0.24221016217787703,0.001556745088134889,0.22011402211800218,0.24843714253041657,2.855255307181489,3.2234558725428757,-0.3682005653613869
-6.0,0.21504372431448776,0.24119373713963824,0.0013298864510360388,0.2203632701186319,0.24651328294378239,2.8594029657380706,3.199353132465027,-0.3399501667269562
-5.5,0.21619548918815668,0.24017105165248373,0.0011203530294093796,0.2206769013057942,0.24465246377012126,2.864318304857687,3.1760006168939388,-0.31168231203625174
-5.0,0.21734227507366075,0.23914215641122305,0.0009282888679940769,0.22105543054563706,0.24285531188319937,2.8700074416213055,3.1534058990096154,-0.28339845738830993
-4.5,0.2184840211452672,0.23810710254327228,0.0007538378358095308,0.22149937248850532,0.2411224538865104,2.876476491007331,3.131576549181397,-0.2551000581740661
-4.0,0.219620667057745,0.23706594162201183,0.0005971436103185859,0.22200924149901935,0.2394545160632862,2.883731565045977,3.110520134381446,-0.22678856933546898
-3.5,0.22075215291516206,0.23601872569385626,0.00045834966137179125,0.22258555156064924,0.23785212433934344,2.891778771642953,3.0902442177659775,-0.1984654461230244
-3.0,0.22187841929963933,0.23496550725275672,0.00033759923492087654,0.22322881623932284,0.23631590419244022,2.9006242141715135,3.0707563575620394,-0.17013214339052585
-2.5,0.22299940727708228,0.23390633923000906,0.00023503533649987674,0.2239395486230818,0.23484648057600857,2.9102739907540642,3.052064106142112,-0.14179011538804787
-2.0,0.22411505836302,0.23284127503067084,0.00015080071448049992,0.22471826122094202,0.23344447788859285,2.9207341930143245,3.0341750096937847,-0.11344081667946027
-1.5,0.2252253145379805,0.23177036852226185,8.503784309580453e-05,0.22556546591036372,0.23211051989464507,2.932010905462345,3.0170966072580025,-0.08508570179565744
-1.0,0.2263301182662747,0.23069367400617194,3.7888905231650226e-05,0.2264816738872013,0.23084522962709855,2.9441102049126906,3.0008364295313545,-0.056726224618663945
-0.5,0.22742941246796253,0.22961124625469406,9.495774986786997e-06,0.22746739556790968,0.22964922935464122,2.9570381592828787,2.9854019985103886,-0.028363839227509846
0.0,0.22852314051372064,0.22852314051372066,-3.3159239243296667e-18,0.22852314051372064,0.22852314051372066,2.970800826678368,2.9708008266783685,-4.440892098500626e-16
0.5,0.2296112462546938,0.22742941246796228,9.49577498678833e-06,0.22964922935464097,0.22746739556790943,2.9854019985103855,2.9570381592828756,0.028363839227509846
1.0,0.23069367400617202,0.2263301182662748,3.7888905231652e-05,0.23084522962709864,0.22648167388720142,3.000836429531356,2.944110204912692,0.056726224618663945
1.5,0.23177036852226165,0.22522531453798042,8.503784309580276e-05,0.23211051989464487,0.22556546591036364,3.017096607258,2.932010905462344,0.08508570179565567
2.0,0.23284127503067106,0.22411505836302031,0.00015080071448050702,0.2334444778885931,0.22471826122094235,3.0341750096937883,2.9207341930143285,0.11344081667945982
2.5,0.23390633923000906,0.22299940727708237,0.00023503533649988384,0.2348464805760086,0.2239395486230819,3.052064106142112,2.910273990754065,0.14179011538804698
3.0,0.23496550725275647,0.22187841929963922,0.00033759923492088006,0.23631590419244,0.22322881623932275,3.0707563575620367,2.900624214171512,0.17013214339052452
3.5,0.23601872569385643,0.2207521529151622,0.0004583496613718019,0.23785212433934363,0.2225855515606494,3.09024421776598,2.8917787716429553,0.19846544612302486
4.0,0.23706594162201186,0.2196206670577449,0.0005971436103185965,0.23945451606328624,0.2220092414990193,3.1105201343814466,2.8837315650459763,0.2267885693354703
4.5,0.23810710254327233,0.2184840211452674,0.0007538378358097546,0.24112245388651135,0.22149937248850643,3.1315765491814087,2.876476491007345,0.2551000581740639
5.0,0.23914215641122313,0.2173422750736608,0.0009282888679940839,0.24285531188319948,0.22105543054563714,3.1534058990096168,2.8700074416213064,0.2833984573883104
5.5,0.24017105165248354,0.21619548918815662,0.0011203530294093865,0.2446524637701211,0.22067690130579418,3.176000616893937,2.8643183048576866,0.3116823120362504
6.0,0.24119373713963835,0.21504372431448793,0.0013298864510360388,0.2465132829437825,0.22036327011863208,3.199353132465028,2.859402965738073,0.3399501667269553
6.5,0.24221016217787705,0.2138870417654627,0.001556745088134896,0.24843714253041663,0.22011402211800227,3.2234558725428766,2.85525530718149,0.36820056536138646
7.0,0.24322027654095138,0.21272550331059553,0.001800784735856773,0.25042341548437846,0.21992864225402262,3.248301262353493,2.851869210358867,0.39643205199462583
7.5,0.24422403045825367,0.2115591711934104,0.002061861044612627,0.25247147463670416,0.2198066153718609,3.2738817260987036,2.849238555655741,0.4246431704429625
8.0,0.24522137458130572,0.2103881081499794,0.0023398295352381384,0.25458069272225825,0.21974742629093197,3.300189687248405,2.8473572236411626,0.4528324636072423
8.5,0.24621226002167562,0.20921237738528564,0.0026345456139388263,0.25675044247743095,0.21975055984104094,3.327217569750847,2.846219095477777,0.4809984742730702
9.0,0.2471966383531005,0.2080320425715869,0.002945864586986225,0.2589800967010454,0.21981550091953178,3.354957798765645,2.8458180536059685,0.5091397451596764
9.5,0.2481744615698471,0.20684716787605104,0.0032736416752118204,0.26126902827069437,0.2199417345768983,3.383402800818179,2.8461479827988305,0.5372548180193486
10.0,0.24914568211277266,0.2056578179479863,0.0036177320283044168,0.2636166102259903,0.22012874606120397,3.412545004824657,2.8472027706824337,0.5653422341422232
10.5,0.2501102528871904,0.2044640579003923,0.003977990738849819,0.26602221584258967,0.22037602085579155,3.4423768429982666,2.848976308169891,0.5934005348283757
11.0,0.25106812722565924,0.2032659533406395,0.004354272856150367,0.2684852186502607,0.22068304476524095,3.472890751028788,2.851462490523531,0.6214282605052572
11.5,0.25201925889095694,0.20206357036917222,0.004746433399891622,0.27100499249052346,0.2210493039687387,3.5040791687772384,2.8546552179940368,0.6494239507832016
12.0,0.25296360210864605,0.20085697555262372,0.0051543273735492785,0.27358091160284315,0.22147428504682082,3.5359345413427636,2.8585483961144735,0.6773861452282901
12.5,0.25390111154238987,0.19964623594842187,0.005577809777531854,0.27621235065251726,0.2219574750585493,3.568449319372597,2.863135936651013,0.7053133827215841
13.0,0.2548317422713429,0.19843141911430998,0.006016735622226832,0.27889868476025026,0.22249836160321732,3.601615959394346,2.868411758352918,0.7332042010414281
13.5,0.25575544983160126,0.19721259308303254,0.006470959940800228,0.28163928959480217,0.22309643284623346,3.6354269249692273,2.8743697872378338,0.7610571377313935
14.0,0.2566721902077219,0.19598982637237886,0.006940337801678652,0.28443354141443655,0.22375117757909346,3.6698746871809607,2.8810039573215005,0.7888707298594602
14.5,0.2575819197916601,0.1947631880047198,0.007424724320961417,0.2872808170755058,0.22446208528856548,3.7049517246977297,2.8883082114675056,0.8166435132302241
15.0,0.25848459542180696,0.1935327474892563,0.007923974674644129,0.2901804941203835,0.22522864618783284,3.740650524866409,2.896276501743251,0.8443740231231582
15.5,0.2593801743909502,0.1922985748153369,0.008437944110475897,0.29313195083285376,0.2260503512572405,3.776963584385195,2.9049027899022226,0.8720607944829726
16.0,0.26026861440154164,0.1910607404784573,0.008966487959705886,0.29613456624036516,0.22692669231728085,3.8138834092859235,2.914181048285828,0.8997023610000956
16.5,0.2611498735867683,0.18981931547257386,0.009509461648760407,0.2991877201818099,0.22785716206761547,3.8514025157684872,2.9241052602839592,0.927297255484528
17.0,0.2620239105357301,0.1885743712705841,0.01006672071052617,0.30229079337783477,0.2288412541126888,3.8895134310697475,2.93466942062285,0.9548440104468976
17.5,0.26289068425702683,0.18732597985056715,0.010638120795398408,0.30544316743862043,0.22987846303216078,3.928208693520472,2.9458675362364968,0.9823411572839751
18.0,0.2637501541727674,0.18607421369786803,0.011223517682427613,0.3086442249024779,0.2309682844275785,3.967480853002502,2.95769362682881,1.009787226173692
18.5,0.2646022801581243,0.18481914578142186,0.0118227672900815,0.3118933493184503,0.23211021494174786,4.007322471979528,2.970141725082396,1.037180746897132
19.0,0.2654470225203978,0.18356084957169305,0.012435725686595803,0.315189925266781,0.23330375231807626,4.04772612572177,2.983205877388608,1.064520248333162
19.5,0.26628434196676826,0.18229939905213094,0.01306224910056676,0.3185333383690353,0.23454839545439798,4.088684402395192,2.9968801445049067,1.091804257890285
20.0,0.2671141996500407,0.18103486869902852,0.013702193931236579,0.321922975374987,0.23584364442397482,4.130189904149884,3.0111586017867262,1.1190313023631582
20.5,0.2679365571654556,0.17976733348549107,0.014355416758216024,0.3253582241983197,0.23718900051835518,4.172235247545292,3.026035339705753,1.1461999078395393
21.0,0.26875137650352654,0.17849686890080152,0.01502177435143186,0.32883847390925397,0.23858396630652895,4.214813063414574,3.0415044645791487,1.1733085988354257
21.5,0.2695586200875275,0.17722355093790668,0.0157011236809911,0.33236311481149194,0.24002804566187108,4.257915997825431,3.0575600988803595,1.2003558989450713
22.0,0.2703582507883219,0.17594745608346193,0.016393321926375506,0.3359315384938239,0.24152074378896396,4.301536712714208,3.0741963815510296,1.2273403311631785
22.5,0.27115023187825366,0.1746686613411779,0.017098226485640793,0.3395431378208168,0.24306156728374106,4.345667885728055,3.0914074687460706,1.2542604169819844
23.0,0.27193452704487836,0.17338724422814178,0.017815694984893965,0.3431973069844542,0.24465002416771764,4.390302210858329,3.1091875342407533,1.2811146766175758
23.5,0.2727111004238466,0.17210328275596673,0.01854558528706748,0.34689344157211655,0.24628562390423664,4.435432399289245,3.1275307696068064,1.3079016296824384
24.0,0.2734799165649099,0.1708168554519596,0.01928775550031301,0.3506309385661619,0.24796787745321164,4.481051179358853,3.1464313848904992,1.3346197944683538
24.5,0.27424094041570035,0.16952804136363706,0.020042063987070563,0.3544091963639826,0.2496962973119193,4.527151296783492,3.1658836091066687,1.3612676876768233
25.0,0.27499413736768746,0.16823692003892943,0.02080836937250568,0.35822761485771015,0.25147039752895217,4.573725515660209,3.1858816903863554,1.3878438252738539
25.5,0.2757394732401902,0.16694357153797082,0.02158653055216422,0.3620855954488471,0.2532896937466277,4.620766618626355,3.2064198964975033,1.414346722128852
26.0,0.27647691423889514,0.16564807644544594,0.022376406700496006,0.3659825410408792,0.25515370324743,4.668267406729445,3.2274925154146055,1.4407748913148395
26.5,0.2772064270040221,0.16435051585532578,0.023177857279028304,0.3699178561201353,0.25706194497143897,4.716220700445645,3.2490938555125934,1.467126844933052
27.0,0.2779279786132496,0.1630509713701653,0.0239907420434684,0.3738909467871232,0.2590139395440389,4.764619340058728,3.271218245898632,1.4934010941600957
27.5,0.2786415365303124,0.16174952511925952,0.02481492105144686,0.37790122073609983,0.26100920932504695,4.81345618536351,3.293860037019823,1.5195961483436866
28.0,0.27934706863811354,0.16044625975050097,0.025650254670504778,0.38194808732013263,0.26304727843252007,4.862724116479705,3.317013600940742,1.5457105155389632
28.5,0.28004454326121747,0.15914125841880367,0.026496603584847945,0.38603095760060924,0.26512767275819543,4.912416034468528,3.3406733315171486,1.5717427029513793
29.0,0.28073392912020156,0.15783460480604497,0.027353828802123756,0.3901492443286966,0.26724992001454,4.962524861064561,3.3648336449805254,1.5976912160840357
29.5,0.28141519533601744,0.15652638312029768,0.028221791661226205,0.3943023619809223,0.2694135497652025,5.013043539107085,3.3894889803027275,1.6235545588043574
30.0,0.28208831147053015,0.1552166780789438,0.029100353838878563,0.3984897268260444,0.27161809343445803,5.063965033383063,3.41463379929244,1.649331234090623
30.5,0.28275324749649255,0.15390557492454607,0.029989377355418016,0.4027107569181646,0.27386308434621814,5.115282330514468,3.4402625870791637,1.6750197434353042
31.0,0.2834099737704794,0.15259315943090737,0.03088872458227999,0.40696487209959936,0.2761480577600273,5.166988438965672,3.4663698525512356,1.700618586414436
31.5,0.28405846108410787,0.15127951788728233,0.03179825824851889,0.4112514940781834,0.2784725508813579,5.219076390022309,3.492950128463577,1.7261262615587318
32.0,0.28469868065393134,0.1499647371049174,0.032717841445840605,0.4155700464372938,0.2808361028882798,5.2715392379014565,3.5199979717642753,1.7515412661371812
32.5,0.2853306040720389,0.1486489044293025,0.03364733763540113,0.4199199546136434,0.28323825497090704,5.3243700594357595,3.547507964080187,1.7768620953555723
33.0,0.2859542033540678,0.14733210772917757,0.03458661065437977,0.4243006459715869,0.28567855034669665,5.37756195501311,3.5754747118895374,1.802087243123573
33.5,0.2865694509490835,0.14601443539259668,0.03553552472062611,0.42871154983158793,0.28815653427510113,5.431108048928139,3.6038928466938103,1.8272152022343287
34.0,0.2871763196859958,0.14469597634303397,0.03649394443835445,0.4331520974394136,0.29067175409645174,5.485001488958958,3.632757025500455,1.8522444634585034
34.5,0.2877747827996118,0.1433768200346182,0.037461734804841086,0.4376217220189761,0.2932237592539826,5.539235447027324,3.6620619310824094,1.8771735159449148
35.0,0.28836481396122293,0.14205705644033487,0.038438761215020774,0.442119858821306,0.29581210130041796,5.593803119816895,3.6918022720453503,1.902000847771545
35.5,0.288946387235263,0.14073677606808233,0.03942488946584706,0.44664594509865124,0.29843633393147057,5.648697728419077,3.7219727832457288,1.9267249451733486
36.0,0.2895194770727849,0.13941606996183106,0.0404199857630131,0.4511994201248373,0.30109601301388345,5.703912518570833,3.7525682261284325,1.9513442924424007
36.5,0.290084058359105,0.13809502968737813,0.04142391672573885,0.4557797252620604,0.30379069659033353,5.75944076150383,3.7835833887713806,1.9758573727324498
37.0,0.2906401063891062,0.1367737473431948,0.04243654938992117,0.4603863039487909,0.3065199449028795,5.815275753774597,3.8150130861777485,2.0002626675968487
37.5,0.2911875968295063,0.1354523155671469,0.043457751214496285,0.46501860168749143,0.30928332042513207,5.871410817079403,3.846852160668732,2.0245586564106715
38.0,0.2917265057736184,0.1341308275244334,0.0444873900865463,0.4696760661198036,0.3120803878706186,5.927839299211262,3.879095481971856,2.0487438172394055
38.5,0.29225680973777457,0.13280937690996952,0.04552533432378467,0.47435814703291324,0.3149107142051082,5.9845545741327335,3.9117379473712677,2.072816626761466
39.0,0.29277848560616315,0.13148805795967383,0.04657145267985007,0.47906429632556347,0.3177738686790741,6.0415500415129255,3.944774482108563,2.0967755594043624
39.5,0.29329151067556986,0.1301669654429378,0.047625614349894076,0.4837939680751462,0.3206694228425141,6.0988191275773245,3.9782000395531067,2.1206190880242177
40.0,0.29379586267301283,0.128846194656772,0.048687688972988044,0.488546618564965,0.32359695054872417,6.156355285452593,4.012009601241462,2.144345684211131
40.5,0.29429151970208794,0.1275258414392461,0.04975754663576231,0.49332170624513716,0.3265560279822953,6.214151994643734,4.04619817722679,2.1679538174169437
41.0,0.29477846025964427,0.12620600216707697,0.05083505787847295,0.49811869177353607,0.3295462336809688,6.2722027615420775,4.080760806338702,2.1914419552033753
41.5,0.29525666327445377,0.12488677374464453,0.05192009369780544,0.5029370380656755,0.3325671485358663,6.330501120062559,4.1156925561750395,2.2148085638875195
42.0,0.2957261080679082,0.12356825361596467,0.05301252554868782,0.5077762102626595,0.335618355810716,6.389040631219823,4.150988523344556,2.2380521078752666
42.5,0.2961867743357764,0.12225053976691566,0.05411222535051581,0.5126356757378396,0.3386994411689789,6.447814883189852,4.186643833794663,2.2611710493951893
43.0,0.2966386422018749,0.12093373071376112,0.05521906549062237,0.5175149041643644,0.34180999267625056,6.506817492174247,4.222653642828768,2.284163849345479
43.5,0.2970816921997625,0.11961792550960175,0.05633291882473918,0.5224133674987192,0.34494960080855847,6.566042102184394,4.259013135212304,2.30702896697209
44.0,0.2975159052254204,0.11830322375092192,0.05745365868256596,0.5273305399556842,0.34811785848118576,6.6254823846936315,4.295717525525151,2.3297648591684803
44.5,0.2979412625932049,0.11698972556868509,0.05858115887207461,0.5322658980815034,0.35131436105698355,6.685132039571245,4.332762058252488,2.3523699813187573
45.0,0.2983577460393628,0.11567753162766883,0.059715293679558815,0.5372189207575981,0.3545387063459041,6.744984795130541,4.370142007778518,2.374842787352023
45.5,0.2987653376635636,0.11436674313608551,0.06085593787344754,0.5421890891573538,0.35779049462987567,6.805034407551808,4.407852678694593,2.3971817288572153
46.0,0.2991640199673284,0.11305746184060092,0.062002966709611966,0.5471758868057762,0.3610693286790488,6.865274661636644,4.4458894059891865,2.419385255647457
46.5,0.2995537758798956,0.11174979001963169,0.06315625593182696,0.5521787996072034,0.36437481374693953,6.925699371166337,4.484247554982906,2.441451816183431
47.0,0.29993458870657114,0.11044383049374006,0.06431568177315865,0.5571973157992057,0.36770655758637466,6.986302378297039,4.522922521530235,2.463379856766804
47.5,0.30030644213426627,0.10913968662460423,0.06548112096208927,0.5622309259826234,0.3710641704729613,7.047077553925746,4.56190973230014,2.4851678216256063
48.0,0.3006693202777385,0.10783746230544324,0.06665245072398102,0.5672791231736626,0.3744472652013673,7.10801879836169,4.601204644721851,2.506814153639839
48.5,0.30102320764584384,0.10653726196899573,0.0678295487801118,0.572341402766291,0.3778554570894429,7.169120040841335,4.6408027470423105,2.5283172937990246
49.0,0.3013680891115428,0.10523919059004658,0.06901229335390469,0.5774172625271615,0.38128836400566535,7.230375239437482,4.680699558658032,2.5496756807794503
49.5,0.30170394996998184,0.10394335367644288,0.07020056317364634,0.5825062026645672,0.3847456063710282,7.291778381944788,4.720890630128782,2.570887751816006
50.0,0.30203077592727184,0.10264985727193937,0.07139423747023121,0.5876077258081966,0.38822680715286423,7.353323485625632,4.76137154310631,2.591951942519322
50.5,0.3023485530455853,0.10135880796184026,0.07259319598204786,0.5927213369737767,0.3917315918900317,7.415004596730906,4.80213791064222,2.6128666860886858
51.0,0.30265726779736213,0.10007031286649902,0.07379731895919789,0.5978465436341537,0.3952595887032906,7.476815791407206,4.843185377305986,2.63363041410122
51.5,0.3029569070764676,0.09878447963858872,0.07500648716129871,0.6029828557216624,0.39881042828378355,7.538751175736417,4.884509619043991,2.6542415566924262
52.0,0.30324745813888265,0.09750141647054142,0.07622058185960211,0.6081297855772911,0.4023837439089498,7.600804885066376,4.926106343377938,2.6746985416884375
52.5,0.30352890863220383,0.09622123209118126,0.0774394848427828,0.6132868480033351,0.4059791714623125,7.662971084672225,4.967971289638931,2.6949997950332945
53.0,0.30380124662975966,0.09494403575891584,0.07866307841585413,0.6184535602931762,0.40959634942233236,7.725243970147874,5.010100228826904,2.7151437413209702
53.5,0.3040644605828983,0.09366993726892145,0.07989124539892793,0.62362944217861,0.41323491886463315,7.787617766726219,5.052488963644519,2.7351288030817003
54.0,0.304318539314331,0.09239904695265344,0.08112386913405015,0.6288140158505315,0.41689452348885403,7.85008672952071,5.095133328818902,2.754953400701808
54.5,0.3045634720709303,0.09113147566978279,0.08236083348586438,0.6340068060143879,0.42057480961324034,7.912645144243585,5.138029191028667,2.7746159532149175
55.0,0.3047992484967232,0.08986733481255103,0.08360202283762053,0.6392073398472053,0.42427542616303315,7.975287326663187,5.181172448768949,2.7941148778942377
55.5,0.30502585859199727,0.08860673630788807,0.08484732209770555,0.6444151469828194,0.4279960246987103,8.03800762238583,5.224559032692412,2.8134485896934187
56.0,0.3052432927736644,0.08734979261037727,0.08609661670228556,0.6496297595828067,0.43173625941951954,8.100800407767345,5.2681849056446115,2.8326155021227333
56.5,0.30545154187144685,0.08609661670228562,0.08734979261037724,0.6548507123129559,0.4354957871437946,8.163660089626918,5.312046062427821,2.851614027199097
57.0,0.3056505970681651,0.08484732209770553,0.08860673630788812,0.6600775422997176,0.439274267329258,8.226581104664776,5.356138530048802,2.870442574615974
57.5,0.3058404499488965,0.08360202283762067,0.08986733481255092,0.6653097891991002,0.4430713620878244,8.2895579203381,5.400458367891513,2.889099552446586
58.0,0.3060210925202366,0.08236083348586436,0.0911314756697829,0.6705469951993682,0.44688673616499597,8.352585034912655,5.445001667465816,2.907583367446839
58.5,0.30619251715248674,0.08112386913405012,0.09239904695265352,0.6757887049631008,0.4507200569446642,8.415656976709696,5.489764552470021,2.9258924242396755
59.0,0.3063547165982021,0.07989124539892811,0.09366993726892132,0.6810344656738874,0.4545709944746134,8.47876830468485,5.5347431790942885,2.944025125590562
59.5,0.3065076840341046,0.07866307841585402,0.09494403575891595,0.6862838270697684,0.45843922145151783,8.541913608871324,5.579933735834068,2.961979873037256
60.0,0.3066514130189677,0.07743948484278292,0.09622123209118118,0.6915363413836924,0.4623244132075076,8.605087509623276,5.625332443332875,2.9797550662904015
60.5,0.306785897474533,0.07622058185960197,0.09750141647054156,0.6967915633566992,0.4662262477417682,8.668284657754924,5.67093555476082,2.9973491029941046
61.0,0.3069111317433516,0.07500648716129876,0.09878447963858869,0.7020490502977064,0.4701444057156535,8.731499735315829,5.716739355749142,3.0147603795666873
61.5,0.30702711056930543,0.07379731895919812,0.10007031286649896,0.7073083620353013,0.47407857042519397,8.79472745499292,5.762740164061526,3.0319872909313936
62.0,0.3071338290475567,0.07259319598204778,0.10135880796184026,0.7125690608949178,0.4780284278294088,8.85796255978657,5.808934329934953,3.0490282298516167
62.5,0.30723128268456285,0.07139423747023124,0.10264985727193926,0.7178307117723199,0.48199366655798825,8.921199823952403,5.855318236166091,3.065881587786312
63.0,0.3073194674018865,0.07020056317364642,0.10394335367644277,0.7230928821076575,0.4859739778794175,8.984434052693777,5.901888297726656,3.0825457549671205
63.5,0.3073983794745435,0.06901229335390463,0.10523919059004672,0.7283551418347304,0.4899690557140915,9.047660081491308,5.948640961923003,3.0990191195683057
64.0,0.30746801557216485,0.06782954878011188,0.10653726196899564,0.7336170634481474,0.49397859665609445,9.110872776949932,5.995572708653245,3.115300068296688
64.5,0.3075283727864343,0.0666524507239809,0.10783746230544339,0.7388782220082079,0.49800229994575446,9.174067036884928,6.042680050073034,3.1313869868118935
65.0,0.3075794485768984,0.06548112096208922,0.10913968662460428,0.7441381950753155,0.5020398674605063,9.237237789480686,6.089959530488165,3.147278258992521
65.5,0.3076212407772924,0.06431568177315865,0.11044383049374,0.7493965627522524,0.5060910037481187,9.300379993804322,6.137407726750582,3.16297226705374
66.0,0.30765374764429887,0.0631562559318269,0.11174979001963177,0.7546529077228259,0.510155416010354,9.36348864031821,6.185021248056075,3.1784673922621343
66.5,0.30767696782233395,0.062002966709612056,0.11305746184060084,0.7599068151847372,0.5142328140720154,9.42655875003918,6.232796735573797,3.193762014465382
67.0,0.3076909003126747,0.060855937873447605,0.11436674313608558,0.765157872857017,0.5183229104177899,9.489585374596878,6.280730862886926,3.2088545117099523
67.5,0.3076955445343799,0.05971529367955884,0.11567753162766879,0.7704056710450551,0.522425420190234,9.55256359707504,6.328820335962367,3.2237432611126726
68.0,0.30769090031267476,0.0585811588720747,0.11698972556868506,0.775649802587415,0.526540061146815,9.615488531361656,6.377061892633854,3.238426638727802
68.5,0.3076769678223338,0.057453658682565904,0.118303223750922,0.7808898628260218,0.5306665536862539,9.678355321734594,6.425452302917614,3.2529030188169807
69.0,0.307653747644299,0.05633291882473924,0.1196179255096017,0.7861254496827057,0.5348046208631461,9.741159143836768,6.473988369182492,3.267170774654276
69.5,0.3076212407772924,0.055219065490622284,0.12093373071376118,0.7913561636323372,0.538953988345667,9.803895204365338,6.522666925638626,3.2812282787267115
70.0,0.30757944857689834,0.054112225350515755,0.12225053976691577,0.7965816076445614,0.5431143844181788,9.866558740311635,6.571484838368662,3.295073901942973
70.5,0.30752837278643447,0.053012525548687905,0.12356825361596463,0.8018013872502929,0.5472855400125465,9.92914501978995,6.620439005699246,3.3087060140907036
71.0,0.30746801557216463,0.051920093697805356,0.1248867737446447,0.8070151105507435,0.5514671886763841,9.991649342181086,6.669526357814415,3.322122984366671
71.5,0.30739837947454357,0.050835057878472895,0.12620600216707706,0.8122223881428519,0.5556590665467811,10.054067037188766,6.718743856439846,3.3353231807489196
72.0,0.3073194674018864,0.0497575466357622,0.127525841439246,0.8174228331588704,0.5598609123927462,10.116393465308331,6.7680884953487155,3.3483049699596155
72.5,0.3072312826845628,0.04868768897298798,0.12884619465677208,0.8226160613116511,0.5640724676000763,10.178624018424378,6.817557300173904,3.3610667182504734
73.0,0.3071338290475568,0.047625614349894166,0.13016696544293768,0.8278016908193075,0.5682934761216449,10.240754118879247,6.867147327809634,3.373606791069613
73.5,0.30702711056930526,0.04657145267984998,0.13148805795967394,0.832979342408001,0.5725236845185457,10.302779219465316,6.916855666902399,3.385923552562917
74.0,0.30691113174335166,0.04552533432378471,0.13280937690996944,0.8381486393832294,0.5767628419636625,10.364694804342104,6.966679437887735,3.398015366454369
74.5,0.30678589747453294,0.04448739008654638,0.13413082752443337,0.8433092075722664,0.5810107001842798,10.426496388341729,7.0166157922979036,3.409880596043825
75.0,0.3066514130189674,0.04345775121449626,0.13545231556714696,0.8484606752875552,0.5852670134830841,10.48817951646963,7.066661913011505,3.421517603458125
75.5,0.3065076840341048,0.04243654938992125,0.13677374734319475,0.8536026734068838,0.5895315387627003,10.549739764916712,7.116815014542325,3.4329247503743874
76.0,0.3063547165982021,0.041423916725738766,0.13809502968737825,0.8587348353477151,0.5938040354752517,10.611172740770783,7.16707234242876,3.444100398342023
76.5,0.30619251715248674,0.04041998576301302,0.13941606996183112,0.8638567969998112,0.5980842656103375,10.672474081150222,7.217431173087063,3.4550429080631586
77.0,0.3060210925202368,0.03942488946584717,0.14073677606808227,0.8689681967925659,0.6023719937381763,10.733639454031026,7.267888814323962,3.465750639707064
77.5,0.30584044994889636,0.03843876121502072,0.14205705644033498,0.8740686757102363,0.6066669869763607,10.79466455847173,7.318442604931349,3.4762219535403815
78.0,0.30565059706816533,0.03746173480484114,0.14337682003461819,0.8791578772066381,0.6109690149433139,10.855545123547822,7.369089914124608,3.486455209423214
78.5,0.3054515418714468,0.03649394443835439,0.14469597634303405,0.8842354472435829,0.6152778498104906,10.916276908794442,7.419828142164241,3.496448766630201
79.0,0.3052432927736644,0.03553552472062614,0.14601443539259665,0.8893010343440511,0.6195932662910127,10.976855704902277,7.470654720212779,3.5062009846894986
79.5,0.3050258585919974,0.03458661065437985,0.14733210772917749,0.8943542895087073,0.6239150415710898,11.037277332696485,7.5215671095074565,3.5157102231890285
80.0,0.3047992484967231,0.03364733763540107,0.14864890442930256,0.8993948662139333,0.6282429553526113,11.097537643063921,7.572562801866736,3.524974841197185
80.5,0.3045634720709304,0.03271784144584063,0.1499647371049173,0.9044224204905996,0.6325767898655099,11.157632517958126,7.62363931983196,3.533993198126166
81.0,0.304318539314331,0.03179825824851901,0.15127951788728228,0.9094366108634602,0.6369163297976481,11.217557869675852,7.674794215820296,3.5427636538555562
81.5,0.3040644605828983,0.030888724582279963,0.1525931594309074,0.914437098306528,0.6412613623059096,11.277309640261235,7.7260250722531945,3.5512845680080405
82.0,0.30380124662975994,0.029989377355418043,0.15390557492454596,0.9194235463279438,0.6456116770536019,11.336883802565085,7.777329501998641,3.559554300566444
82.5,0.3035289086322038,0.029100353838878504,0.15521667807894385,0.9243956209479791,0.6499670661546539,11.396276360007954,7.828705147694726,3.5675712123132284
83.0,0.30324745813888254,0.02822179166122615,0.15652638312029782,0.9293529906200738,0.6543273241424175,11.455483345579768,7.880149681370235,3.5753336642095332
83.5,0.3029569070764676,0.027353828802123645,0.15783460480604491,0.9342953263006473,0.6586922480263033,11.514500822684234,7.9316608051177635,3.58284001756647
84.0,0.3026572677973619,0.026496603584847903,0.15914125841880378,0.939222301472577,0.6630616372600631,11.573324885468285,7.9832362507056045,3.5900886347626804
84.5,0.3023485530455856,0.025650254670504892,0.16044625975050092,0.9441335920475893,0.6674352936725085,11.631951657616657,8.034873778740607,3.59707787887605
85.0,0.30203077592727173,0.024814921051446816,0.16174952511925964,0.9490288764043102,0.6718130215284853,11.690377292778994,8.086571179393271,3.6038061133857227
85.5,0.30170394996998184,0.023990742043468443,0.16305097137016525,0.9539078354506428,0.6761946275241294,11.748597975377695,8.138326272333021,3.610271703044674
86.0,0.301368089111543,0.02317785727902833,0.16435051585532567,0.9587701525328457,0.680579920700331,11.806609919505691,8.190136905683001,3.6164730138226897
86.5,0.30102320764584367,0.022376406700495947,0.16564807644544596,0.9636155134276275,0.6849687124822798,11.864409368777375,8.242000956487853,3.6224084122895217
87.0,0.3006693202777387,0.021586530552164276,0.16694357153797074,0.9684436064296216,0.6893608167040473,11.921992597433198,8.293916331000732,3.6280762664324655
87.5,0.30030644213426627,0.020808369372505638,0.16823692003892962,0.9732541222899848,0.6937560495282241,11.979355909614084,8.345880963711195,3.633474945902888
88.0,0.29993458870657114,0.020042063987070577,0.1695280413636371,0.9780467541611195,0.698154229441619,12.036495638640007,8.397892817286497,3.63860282135351
88.5,0.2995537758798956,0.01928775550031307,0.17081685545195954,0.9828211976877338,0.7025551773081512,12.093408148132701,8.449949883198128,3.643458264934573
89.0,0.2991640199673283,0.01854558528706744,0.17210328275596687,0.9875771509911957,0.7069587163109349,12.150089831861678,8.502050181018287,3.6480396508433905
89.5,0.2987653376635635,0.017815694984893923,0.17338724422814192,0.9923143145761312,0.7113646718974616,12.206537112577138,8.554191757754431,3.6523453548227067
90.0,0.2983577460393628,0.017098226485640695,0.17466866134117776,0.9970323914040738,0.7157728718503518,12.262746442888249,8.606372688689861,3.6563737541983876
90.5,0.29794126259320475,0.016393321926375493,0.17594745608346193,1.0017310869270526,0.7201831462602233,12.318714305717837,8.658591077049056,3.6601232286687804
91.0,0.2975159052254205,0.015701123680991115,0.17722355093790673,1.0064101089770474,0.724595327432618,12.374437212949989,8.710845052872408,3.663592160077581
91.5,0.29708169219976227,0.015021774351431816,0.17849686890080158,1.0110691678029686,0.7290092499546381,12.429911705835385,8.76313277380709,3.6667789320282953
92.0,0.29663864220187497,0.014355416758216024,0.17976733348549107,1.0157079761438392,0.7334247507001803,12.485134355927945,8.815452425160379,3.6696819307675668
92.5,0.2961867743357765,0.013702193931236607,0.18103486869902843,1.0203262491318903,0.7378416687273504,12.54010176391846,8.86780221865944,3.672299545259021
93.0,0.2957261080679081,0.013062249100566732,0.18229939905213105,1.0249237042764323,0.742259845309091,12.594810559385097,8.920180392809659,3.6746301665754384
93.5,0.2952566632744539,0.012435725686595858,0.1835608495716929,1.0295000615612255,0.7466791239733676,12.64925740200916,8.972585213367006,3.6766721886421543
94.0,0.29477846025964427,0.011822767290081486,0.18481914578142197,1.0340550433853322,0.7510993504157694,12.70343898088363,9.025014972279314,3.678424008604317
94.5,0.2942915197020878,0.01122351768242757,0.1860742136978681,1.0385883744935602,0.7555203724739,12.757352013624809,9.077467987369229,3.6798840262555803
95.0,0.29379586267301294,0.010638120795398436,0.18732597985056706,1.0430997820752812,0.7599420401976666,12.810993247576388,9.129942603167398,3.681050644408989
95.5,0.29329151067556974,0.010066720710526141,0.18857437127058418,1.0475889957579065,0.7643642057928629,12.864359459770448,9.182437190224881,3.6819222695455665
96.0,0.2927784856061632,0.009509461648760393,0.1898193154725739,1.052055747496459,0.7687867235390561,12.917447455563671,9.234950144117432,3.682497311446239
96.5,0.29225680973777457,0.008966487959705886,0.1910607404784575,1.0564997716516045,0.7732094498735359,12.970254069557027,9.287479886442137,3.6827741831148906
97.0,0.29172650577361847,0.00843794411047591,0.19229857481533685,1.0609208050349659,0.7776322433718234,13.022776166193209,9.340024864572356,3.6827513016208524
97.5,0.29118759682950646,0.007923974674644143,0.19353274748925622,1.0653185867865314,0.782054964631669,13.075010638267882,9.392583550254672,3.6824270880132097
98.0,0.2906401063891061,0.00742472432096136,0.1947631880047199,1.0696928584079857,0.7864774763398409,13.126954407284934,9.445154440399051,3.681799966885883
98.5,0.290084058359105,0.0069403378016786805,0.19598982637237866,1.0740433638486198,0.7908996432911933,13.178604424542542,9.497736057295999,3.6808683672465428
99.0,0.2895194770727848,0.006470959940800313,0.19721259308303254,1.078369849404915,0.7953213322729304,13.229957669931766,9.550326947215966,3.6796307227157996
99.5,0.2889463872352628,0.006016735622226804,0.1984314191143101,1.0826720636925031,0.7997424120794672,13.2810111515453,9.602925680575833,3.6780854709694673
100.0,0.28836481396122304,0.005577809777531875,0.19964623594842174,1.08694975775491,0.8041627535712188,13.331761907020145,9.65553085263216,3.6762310543879853
100.5,0.2877747827996116,0.005154327373549251,0.2008569755526238,1.0912026850101069,0.8085822295840445,13.382207002920895,9.708141082382083,3.674065920538812
101.0,0.28717631968599583,0.0047464333998916,0.20206357036917227,1.0954306011626849,0.8130007148765807,13.432343533638214,9.760755011918858,3.6715885217193556
101.5,0.2865694509490835,0.004354272856150374,0.20326595334063932,1.0996332643116409,0.8174180862187077,13.482168622688775,9.813371307480644,3.6687973152081312
102.0,0.28595420335406757,0.003977990738849805,0.2044640579003924,1.1038104349556372,0.8218342223404195,13.531679422821716,9.865988658823884,3.665690763997832
102.5,0.28533060407203914,0.003617732028304438,0.20565781794798632,1.1079618758639844,0.8262490038202497,13.580873114439852,9.918605777871301,3.6622673365685507
103.0,0.2846986806539312,0.003273641675211813,0.20684716787605112,1.1120873521581358,0.8306623131794163,13.629746906551562,9.971221399828208,3.658525506723354
103.5,0.284058461084108,0.0029458645869862464,0.20803204257158678,1.1161866313704552,0.8350740348733333,13.678298037529569,10.023834283066986,3.654463754462583
104.0,0.2834099737704796,0.0026345456139388475,0.2092123773852855,1.1202594833116217,0.8394840551550808,13.72652377350994,10.076443207474908,3.650080566035033
104.5,0.2827532474964924,0.002339829535238124,0.21038810814997946,1.1243056800964102,0.843892262135156,13.774421408653415,10.12904697515711,3.645374433496306
105.0,0.28208831147053015,0.002061861044612627,0.21155917119341033,1.1283249962441715,0.8482985458182539,13.821988266400588,10.18164441086366,3.640343855536928
105.5,0.2814151953360174,0.0018007847358567659,0.21272550331059578,1.1323172085784006,0.8527027979782399,13.869221698276824,10.234234360474735,3.634987337802089
106.0,0.28073392912020134,0.001556745088134889,0.21388704176546275,1.1362820961820523,0.8571049121499859,13.91611908330483,10.286815690887964,3.6293033924168654
106.5,0.28004454326121764,0.0013298864510360566,0.2150437243144879,1.1402194405191692,0.8615047837089876,13.962677829491248,10.339387290958888,3.623290538532361
107.0,0.2793470686381133,0.0011203530294093796,0.21619548918815662,1.1441290253907397,0.8659023097820359,14.00889537332699,10.39194807041384,3.6169473029131503
107.5,0.2786415365303123,0.0009282888679940733,0.21734227507366088,1.1480106368249559,0.8702973891626377,14.054769178429783,10.444496958819647,3.6102722196101364
108.0,0.27792797861324947,0.0007538378358096445,0.2184840211452673,1.1518640631943187,0.8746899224168788,14.100296736945072,10.497032906838355,3.6032638301067177
108.5,0.277206427004022,0.0005971436103185823,0.2196206670577449,1.1556890952350016,0.8790798118412982,14.14547556982404,10.549554885705898,3.5959206841181413
109.0,0.27647691423889525,0.00045834966137181255,0.22075215291516218,1.159485525899544,0.8834669613220205,14.190303225033423,10.602061885525618,3.588241339507805
109.5,0.27573947324019005,0.00033759923492087654,0.22187841929963933,1.1632531504387473,0.8878512764334782,14.234777278505158,10.654552916436659,3.580224362068499
110.0,0.2749941373676877,0.0002350353364998803,0.22299940727708217,1.1669917664760163,0.8922326644448286,14.278895335079884,10.707027008674443,3.5718683264054416
110.5,0.27424094041570035,0.0001508007144805017,0.2241150583630202,1.1707011738677813,0.8966110341665613,14.322655026829075,10.759483210713217,3.563171816115858
111.0,0.2734799165649098,8.503784309580453e-05,0.22522531453798042,1.1743811747168316,0.9009862959950174,14.366054013166888,10.811920589783306,3.5541334233835826
111.5,0.2727111004238468,3.7888905231652e-05,0.2263301182662747,1.1780315734889455,0.9053583619703304,14.409089982291192,10.864338232549196,3.5447517497419962
112.0,0.2719345270448783,9.495774986787441e-06,0.22742941246796242,1.181652176916728,0.9097271456468364,14.451760650045616,10.916735243537024,3.5350254065085913
112.5,0.27115023187825354,-7.077671781985246e-19,0.22852314051372064,1.185242793933136,0.9140925620548825,14.494063759075887,10.96911074465859,3.5249530144172976
113.0,0.27035825078832193,9.49577498678833e-06,0.22961124625469398,1.188803235807098,0.9184544807937627,14.535997080473496,11.02146326530014,3.5145338151733565
113.5,0.2695586200875273,3.788890523164934e-05,0.23069367400617194,1.1923333161122152,0.9228125849299194,14.57755841343411,11.073788908064264,3.5037695053698457
114.0,0.26875137650352643,8.503784309580808e-05,0.23177036852226174,1.1958328505925735,0.9271665119321427,14.618745583614409,11.12608318102881,3.4926624025855997
114.5,0.26793655716545556,0.00015080071448049992,0.23284127503067095,1.1993016572881394,0.9315159008371643,14.659556444623128,11.178341610760453,3.4812148338626745
115.0,0.2671141996500405,0.00023503533649986964,0.233906339230009,1.2027395565700765,0.9358603922565358,14.699988878490958,11.23055974241493,3.4694291360760268
115.5,0.26628434196676837,0.00033759923492087296,0.23496550725275653,1.2061463709777944,0.9401996282459469,14.7400407937003,11.282733138186284,3.4573076555140165
116.0,0.26544702252039776,0.0004583496613718019,0.2360187256938564,1.2095219252958234,0.9445332524367974,14.779710126070277,11.33485737890294,3.444852747167337
116.5,0.2646022801581244,0.0005971436103185823,0.2370659416220118,1.2128660466461716,0.9488609100983658,14.818994839912184,11.386928064790709,3.4320667751214753
117.0,0.2637501541727672,0.0007538378358096374,0.23810710254327222,1.216178564345856,0.9531822480088985,14.85789292632304,11.43894081394259,3.418952112380449
117.5,0.2628906842570267,0.0009282888679940839,0.23914215641122313,1.2194593099019193,0.9574969145128867,14.896402403080058,11.490891263022634,3.405511140057424
118.0,0.26202391053573026,0.001120353029409376,0.24017105165248362,1.2227081171456646,0.9618045596393439,14.934521316283705,11.542775068701536,3.3917462475821694
118.5,0.2611498735867681,0.001329886451036046,0.24119373713963835,1.2259248221453216,0.9661048350095894,14.972247739330628,11.594587906566108,3.37765983276452
119.0,0.26026861440154164,0.0015567450881349104,0.24221016217787697,1.2291092631130496,0.9703973937996427,15.009579771758135,11.646325470683847,3.3632543010742886
119.5,0.2593801743909503,0.0018007847358567446,0.2432202765409515,1.2322612805547561,0.9746818908996627,15.046515541048024,11.697983475531808,3.348532065516215
120.0,0.2584845954218069,0.0020618610446125982,0.24422403045825364,1.2353807172548215,0.9789579828776271,15.083053202479665,11.749557655576139,3.333495546903526
120.5,0.2575819197916602,0.0023398295352381523,0.24522137458130586,1.2384674181168835,0.9832253278604616,15.119190937194263,11.801043763860777,3.318147173333486
121.0,0.2566721902077219,0.0026345456139388332,0.24621226002167554,1.241521230294424,0.987483585700641,15.15492695374081,11.85243757402163,3.30248937971918
121.5,0.2557554498316014,0.002945864586986211,0.24719663835310046,1.2445420032440033,0.991732417999388,15.190259488759642,11.903734880579643,3.286524608179999
122.0,0.25483174227134286,0.003273641675211813,0.24817446156984718,1.2475295885507316,0.9959714879546006,15.22518680488012,11.954931497130419,3.270255307749702
122.5,0.25390111154238976,0.0036177320283044168,0.2491456821127726,1.2504838399934801,1.0002004604793948,15.259707191464152,12.006023257781044,3.2536839336831083
123.0,0.2529636021086461,0.003977990738849797,0.25011025288719035,1.2534046136574075,1.0044190022876112,15.293818965997538,12.057006018190183,3.236812947807355
123.5,0.25201925889095683,0.004354272856150352,0.25106812722565913,1.2562917677935934,1.0086267817587868,15.32752047241408,12.107875653961592,3.219644818452487
124.0,0.2510681272256591,0.004746433399891629,0.25201925889095694,1.259145162789487,1.0128234689637194,15.360810080699503,12.158628060964524,3.2021820197349786
124.5,0.2501102528871904,0.005154327373549251,0.25296360210864605,1.2619646613217745,1.0170087358081334,15.393686188748484,12.209259157071152,3.184427031677332
125.0,0.24914568211277252,0.005577809777531861,0.2539011115423898,1.2647501282823317,1.021182255947091,15.426147221500752,12.259764881142626,3.166382340358126
125.5,0.24817446156984715,0.006016735622226832,0.254831742271343,1.267501430655219,1.0253437047075988,15.458191629432475,12.310141192113413,3.1480504373190623
126.0,0.24719663835310052,0.006470959940800313,0.25575544983160137,1.270218437679506,1.0294927592672058,15.489817890507174,12.360384071147271,3.129433819359903
126.5,0.24621226002167562,0.006940337801678609,0.25667219020772186,1.272901020852563,1.033629098632566,15.521024510252431,12.41048952139247,3.1105349888599605
127.0,0.2452213745813057,0.007424724320961417,0.25758191979166023,1.2755490537479466,1.0377524034876022,15.551810019556665,12.460453566172188,3.0913564533844777
127.5,0.24422403045825372,0.007923974674644113,0.25848459542180696,1.2781624121454815,1.0418623563618719,15.582172976204033,12.510272251017108,3.071900725186925
128.0,0.2432202765409515,0.008437944110475853,0.2593801743909502,1.2807409741047522,1.0459586416742765,15.612111965797977,12.559941644201794,3.052170321596183
128.5,0.24221016217787703,0.008966487959705859,0.2602686144015418,1.2832846197840442,1.050040945565873,15.641625599586407,12.609457834750183,3.032167764836224
129.0,0.24119373713963826,0.009509461648760407,0.2611498735867682,1.285793231486711,1.0541089559958332,15.670712514980172,12.658816933598759,3.0118955813814132
129.5,0.2401710516524836,0.010066720710526127,0.26202391053573015,1.2882666937954041,1.0581623628534467,15.699371377197332,12.708015074951886,2.991356302245446
130.0,0.2391421564112231,0.010638120795398394,0.26289068425702683,1.2907048934393304,1.0622008578235058,15.727600877683187,12.757048414677469,2.9705524630057187
130.5,0.2381071025432722,0.011223517682427641,0.2637501541727673,1.2931077192343414,1.0662241343734968,15.75539973335537,12.80591313016439,2.94948660319098
131.0,0.2370659416220119,0.011822767290081486,0.2646022801581244,1.2954750622545097,1.0702318879225792,15.782766688676128,12.85460542236103,2.9281612663150973
131.5,0.23601872569385632,0.012435725686595844,0.2654470225203977,1.2978068157754472,1.0742238157681867,15.809700514999223,12.903121514904836,2.9065790000943874
132.0,0.2349655072527565,0.013062249100566773,0.26628434196676837,1.30010287511983,1.0781996169676402,15.836200008690717,12.95145765271225,2.8847423559784673
132.5,0.23390633923000906,0.013702193931236579,0.2671141996500405,1.3023631378301712,1.0821589925313986,15.862263993192064,12.999610104308019,2.8626538888840454
133.0,0.23284127503067095,0.014355416758215937,0.26793655716545556,1.3045875036924932,1.086101645420038,15.88789131934059,13.047575161798672,2.840316157541917
133.5,0.23177036852226168,0.015021774351431788,0.2687513765035266,1.306775874536368,1.0900272803655382,15.91308086295868,13.095349138737891,2.8177317242207884
134.0,0.230693674006172,0.015701123680991115,0.2695586200875274,1.3089281543562816,1.0939356040311008,15.937831526281553,13.1429283720542,2.7949031542273524
134.5,0.22961124625469398,0.016393321926375465,0.2703582507883219,1.3110442494079815,1.097826325079663,15.962142239150472,13.19030922288233,2.7718330162681415
135.0,0.22852314051372066,0.017098226485640695,0.27115023187825354,1.3131240680267349,1.101699153998655,15.98601195683454,13.2374880744695,2.74852388236504
135.5,0.2274294124679624,0.01781569498489398,0.2719345270448784,1.315167520647476,1.1055538031644077,16.009439660237675,13.284461332957786,2.7249783272798886
136.0,0.22633011826627472,0.018545585287067425,0.2727111004238466,1.3171745199616611,1.109389986982454,16.03242435780621,13.331225429076515,2.7011989287296956
136.5,0.22522531453798053,0.01928775550031301,0.27347991656490983,1.3191449807976199,1.1132074217599524,16.05496508410942,13.377776816619741,2.6771882674896776
137.0,0.22411505836302012,0.020042063987070605,0.2742409404157005,1.321078820025822,1.1170058256498727,16.077060898672883,13.424111971785543,2.6529489268873405
137.5,0.22299940727708237,0.020808369372505624,0.2749941373676875,1.3229759567478325,1.1207849188432557,16.098710888251073,13.470227395491573,2.6284834927595
138.0,0.22187841929963942,0.021586530552164133,0.2757394732401901,1.3248363122603999,1.1245444235129245,16.119914166424437,13.516119612707259,2.6037945537171776
138.5,0.22075215291516204,0.022376406700496034,0.27647691423889525,1.3266598098707432,1.1282840636560771,16.14066987136408,13.561785170573422,2.578884700790656
139.0,0.2196206670577449,0.023177857279028304,0.2772064270040221,1.3284463750738333,1.1320035652951166,16.160977167943745,13.607220640820428,2.5537565271233174
139.5,0.21848402114526733,0.02399074204346833,0.2779279786132495,1.3301959355982653,1.1357026564964665,16.180835248324453,13.652422620001067,2.5284126283233856
140.0,0.2173422750736608,0.024814921051446802,0.2786415365303123,1.3319084211949102,1.139381067172696,16.200243329412583,13.6973877271238,2.5028556022887827
140.5,0.21619548918815665,0.025650254670504864,0.2793470686381135,1.3335837637406105,1.1430385292229588,16.219200654075483,13.742112605346012,2.4770880487294704
141.0,0.2150437243144879,0.026496603584847917,0.2800445432612175,1.335221897359358,1.146674776629718,16.23770649262678,13.786593923141465,2.451112569485316
141.5,0.21388704176546264,0.027353828802123628,0.2807339291202014,1.3368227582462682,1.1502895452829291,16.25576014072068,13.830828372197274,2.4249317685234075
142.0,0.21272550331059567,0.028221791661226233,0.2814151953360174,1.3383862846546652,1.1538825730052957,16.273360919166578,13.874812667724774,2.398548251441804
142.5,0.21155917119341033,0.02910035383887853,0.2820883114705301,1.3399124170755308,1.157453599720999,16.29050817609978,13.918543550490865,2.371964625608916
143.0,0.21038810814997946,0.029989377355418016,0.28275324749649244,1.3414010981359492,1.1610023673413878,16.307201285781368,13.962017785452073,2.345183500329295
143.5,0.2092123773852854,0.03088872458228002,0.2834099737704796,1.3428522724672038,1.1645286196641984,16.32343964699173,14.00523216055266,2.3182074864390696
144.0,0.20803204257158683,0.03179825824851895,0.284058461084108,1.3442658869080188,1.168032102584951,16.339222685467814,14.048183489267931,2.2910391961998826
144.5,0.20684716787605117,0.032717841445840466,0.2846986806539312,1.345641890491776,1.1715125640615653,16.354549853777364,14.090868610184625,2.263681243592739
145.0,0.2056578179479862,0.033647337635401155,0.28533060407203903,1.3469802342361423,1.1749697539235573,16.369420628781697,14.133284384718088,2.2361362440636086
145.5,0.20446405790039235,0.03458661065437977,0.2859542033540678,1.3482808713166636,1.178403424070651,16.383834513700354,14.17542769950219,2.208406814198163
146.0,0.2032659533406394,0.03553552472062603,0.2865694509490835,1.3495437571369733,1.1818133285169599,16.39779103898432,14.217295466924144,2.1804955720601757
146.5,0.20206357036917222,0.03649394443835436,0.28717631968599583,1.3507688491131555,1.1851992231823376,16.41128975972704,14.258884622626407,2.152405137100633
147.0,0.20085697555262375,0.037461734804841114,0.28777478279961166,1.3519561067510704,1.1885608660032878,16.42433025656547,14.300192126844296,2.1241381297211728
147.5,0.1996462359484218,0.03843876121502072,0.2883648139612229,1.3531054917933134,1.1918980170599123,16.436912137468184,14.341214965933968,2.0956971715342156
148.0,0.19843141911430998,0.03942488946584709,0.28894638723526295,1.3542169680553617,1.195210438406899,16.449035035778653,14.381950150348635,2.0670848854300186
148.5,0.1972125930830326,0.0404199857630131,0.28951947707278497,1.3552905013741725,1.198497894054153,16.460698609573104,14.42239471441285,2.0383038951602543
149.0,0.19598982637237877,0.0414239167257387,0.2900840583591051,1.3563260598087992,1.201760150162159,16.47190254407797,14.462545718671647,2.009356825406323
149.5,0.19476318800471987,0.042436549389921197,0.2906401063891062,1.3573236135611446,1.204996974946346,16.48264655073846,14.502400248746072,1.980246301992386
150.0,0.19353274748925614,0.04345775121449637,0.2911875968295064,1.3582831348072817,1.208208138532522,16.492930365176637,14.54195541360476,1.950974951571876
150.5,0.1922985748153369,0.04448739008654638,0.29172650577361847,1.3592045979098109,1.2113934131810202,16.502753749733067,14.581208348258789,1.9215454014742779
151.0,0.19106074047845753,0.045525334323784535,0.29225680973777446,1.3600879794295553,1.2145525732748823,16.512116493633123,14.620156213622373,1.8919602800107498
151.5,0.1898193154725738,0.04657145267984995,0.29277848560616326,1.3609332578972269,1.217685395104503,16.521018410239297,14.658796193933885,1.8622222163054118
152.0,0.18857437127058405,0.04762561434989414,0.29329151067556986,1.3617404139728635,1.2207916570521735,16.529459338944946,14.697125498975975,1.832333839968971
152.5,0.18732597985056704,0.04868768897298798,0.29379586267301294,1.3625094305426189,1.2238711396650397,16.537439146361994,14.735141364953465,1.8022977814085284
153.0,0.18607421369786803,0.0497575466357622,0.29429151970208783,1.3632402925062195,1.2269236254441136,16.5449577237725,14.772841051965125,1.7721166718073764
153.5,0.18481914578142192,0.05083505787847295,0.29477846025964427,1.363932986819999,1.22994889891705,16.55201498762141,14.810221844883072,1.7417931427383362
154.0,0.18356084957169305,0.051920093697805356,0.2952566632744539,1.3645875026695085,1.2329467467956208,16.558610881605798,14.847281055245254,1.7113298263605436
154.5,0.18229939905213088,0.05301252554868782,0.2957261080679082,1.3652038313237638,1.2359169578203206,16.564745374937296,14.884016019392536,1.6807293555447593
155.0,0.18103486869902832,0.05411222535051587,0.2961867743357765,1.3657819660421344,1.238859322693622,16.570418461204643,14.92042409767398,1.6499943635306629
155.5,0.17976733348549107,0.055219065490622256,0.29663864220187497,1.3663219022929909,1.241773634298122,16.57563016100138,14.956502677068087,1.619127483933294
156.0,0.1784968689008017,0.056332918824739064,0.2970816921997624,1.3668236376998513,1.2446596876237885,16.580380521299016,14.9922491703102,1.5881313509888155
156.5,0.17722355093790662,0.05745365868256599,0.2975159052254205,1.3672871718395885,1.247517279584248,16.584669613012966,15.02766101369354,1.5570085993194258
157.0,0.17594745608346193,0.05858115887207461,0.2979412625932048,1.3677125064562812,1.2503462092448938,16.588497533558836,15.0627356698108,1.525761863748036
157.5,0.1746686613411779,0.05971529367955875,0.2983577460393628,1.3680996454986292,1.2531462778370102,16.591864407324728,15.09747062772368,1.4943937796010474
158.0,0.17338724422814178,0.06085593787344754,0.2987653376635636,1.3684485948823961,1.255917288527702,16.594770382816893,15.131863400205871,1.4629069826110221
158.5,0.17210328275596679,0.062002966709611994,0.2991640199673284,1.3687593626252803,1.2586590465789256,16.59721563425933,15.16591152565672,1.4313041086026121
159.0,0.1708168554519596,0.0631562559318269,0.2995537758798956,1.369031958971542,1.2613713594514093,16.599200363110466,15.199612569348737,1.3995877937617287
159.5,0.16952804136363706,0.06431568177315859,0.29993458870657114,1.3692663961899216,1.264054036599443,16.600724795642698,15.232964120966475,1.367760674676223
160.0,0.16823692003892948,0.06548112096208933,0.30030644213426627,1.3694626885759946,1.2667068894991544,16.601789182950863,15.265963794951942,1.3358253879989217
160.5,0.16694357153797076,0.06665245072398088,0.3006693202777385,1.3696208526489249,1.269329731834935,16.602393803325068,15.298609232743202,1.3037845705818665
161.0,0.16564807644544594,0.06782954878011177,0.3010232076458438,1.3697409070288211,1.2719223793634868,16.6025389607913,15.330898101141955,1.2716408596493451
161.5,0.1643505158553256,0.06901229335390471,0.30136808911154295,1.3698228723014974,1.2744846498000766,16.602224983473292,15.362828090954824,1.2393968925184673
162.0,0.1630509713701653,0.07020056317364634,0.30170394996998195,1.3698667712500932,1.2770163630535742,16.601452226371283,15.394396919816536,1.2070553065547465
162.5,0.16174952511925964,0.0713942374702311,0.30203077592727173,1.3698726288283465,1.279517341179318,16.600221071059416,15.425602331622047,1.1746187394373688
163.0,0.1604462597505009,0.07259319598204786,0.3023485530455855,1.369840471932843,1.2819874081643898,16.598531922944616,15.456442093954726,1.1420898289898904
163.5,0.15914125841880372,0.07379731895919801,0.30265726779736213,1.3697703296082522,1.2844263901486466,16.596385213717827,15.486914000742956,1.1094712129748707
164.0,0.15783460480604494,0.0750064871612986,0.3029569070764675,1.369662233111915,1.2868341154671685,16.593781402149023,15.51701587276732,1.076765529381703
164.5,0.15652638312029768,0.07622058185960194,0.30324745813888276,1.3695162156758287,1.289210414415133,16.590720971230244,15.546745554841198,1.0439754163890456
165.0,0.1552166780789438,0.0774394848427828,0.3035289086322038,1.3693323126077588,1.291555119371598,16.58720442937205,15.57610091730196,1.0111035120700915
165.5,0.153905574924546,0.07866307841585404,0.3038012466297597,1.3691105614435848,1.2938680649348928,16.583232312247564,15.605079857634568,0.9781524546129958
166.0,0.15259315943090737,0.07989124539892799,0.3040644605828984,1.3688510017625009,1.2961490877305215,16.57880518058092,15.633680298165187,0.9451248824157314
166.5,0.15127951788728228,0.08112386913405022,0.30431853931433106,1.3685536751446066,1.2983980263913744,16.573923619622562,15.661900185830543,0.9120234337920188
167.0,0.1499647371049174,0.08236083348586425,0.3045634720709304,1.3682186253886388,1.3006147217695858,16.56858824176858,15.689737494720895,0.8788507470476858
167.5,0.14864890442930254,0.08360202283762061,0.3047992484967231,1.3678458984161947,1.302799016824513,16.562799685423638,15.717190224731777,0.8456094606918612
168.0,0.14733210772917743,0.08484732209770561,0.3050258585919972,1.3674355420971662,1.3049507564656944,16.556558612895174,15.744256399686037,0.8123022132091364
168.5,0.14601443539259668,0.08609661670228554,0.30524329277366447,1.3669876064872546,1.3070697877969435,16.54986571323965,15.770934070265607,0.7789316429740438
169.0,0.14469597634303408,0.08734979261037716,0.3054515418714468,1.3665021438288212,1.3091559600961644,16.542721702288887,15.79722131376435,0.7455003885245368
169.5,0.14337682003461827,0.08860673630788807,0.30565059706816533,1.3659792083072797,1.3112091245805493,16.535127319721973,15.82311623127448,0.7120110884474933
170.0,0.14205705644033492,0.08986733481255095,0.3058404499488964,1.3654188562359206,1.3132291346081366,16.527083331271385,15.84861695011019,0.6784663811611953
170.5,0.1407367760680823,0.09113147566978279,0.30602109252023674,1.3648211461490292,1.3152158457507297,16.518590529856432,15.87372162467854,0.6448689051778924
171.0,0.139416069961831,0.09239904695265341,0.30619251715248674,1.364186138571778,1.3171691155626004,16.509649732823167,15.89842843370386,0.6112212991193076
171.5,0.13809502968737813,0.09366993726892132,0.3063547165982021,1.3635138960801867,1.3190888036617299,16.500261782649616,15.922735581209679,0.5775262014399374
172.0,0.13677374734319475,0.09494403575891584,0.3065076840341046,1.3628044834796131,1.3209747718953342,16.490427549098552,15.946641298502927,0.543786250595625
172.5,0.1354523155671469,0.0962212320911812,0.3066514130189677,1.3620579676430178,1.322826884167052,16.480147927283358,15.970143842095807,0.5100040851875516
173.0,0.13413082752443337,0.09750141647054159,0.30678589747453294,1.361274417422565,1.3246450063686734,16.469423836595215,15.993241492894622,0.476182343700593
173.5,0.13280937690996952,0.09878447963858875,0.30691113174335183,1.3604539038833767,1.3264290066119961,16.45825622351049,16.01593255898254,0.44232366452794736
174.0,0.13148805795967405,0.10007031286649877,0.30702711056930526,1.359596500236895,1.3281787551437199,16.446646060802415,16.038215374591136,0.408430686211279
174.5,0.13016696544293757,0.10135880796184034,0.30713382904755676,1.3587022816331646,1.3298941241520674,16.434594345040914,16.06008829778665,0.37450604725426473
175.0,0.128846194656772,0.10264985727193932,0.30723128268456285,1.3577713253950234,1.3315749880101908,16.422102099397055,16.081549713394228,0.3405523860028268
175.5,0.12752584143924606,0.10394335367644271,0.30731946740188637,1.3568037110467914,1.3332212232839882,16.409170374000745,16.102598033084302,0.3065723409164427
176.0,0.12620600216707697,0.10523919059004658,0.30739837947454357,1.3557995200652513,1.3348327084882208,16.39580024295009,16.123231692448698,0.2725685505013935
176.5,0.12488677374464459,0.1065372619689957,0.30746801557216474,1.3547588360333036,1.3364093242576547,16.38199280614429,16.14344915306085,0.23854365308343972
177.0,0.1235682536159646,0.10783746230544326,0.30752837278643436,1.353681744761702,1.3379509534511806,16.36774919075639,16.163248903719612,0.20450028703677603
177.5,0.12225053976691566,0.10913968662460426,0.30757944857689845,1.3525683340745094,1.339457480932198,16.35307054866103,16.18262945781098,0.17044109085005132
178.0,0.12093373071376112,0.11044383049374008,0.3076212407772924,1.351418693822931,1.3409287936029097,16.337958056588935,16.201589353728657,0.13636870286027758
178.5,0.11961792550960175,0.11174979001963169,0.307653747644299,1.3502329160867976,1.3423647805968275,16.322412918551173,16.22012715718156,0.1022857613696111
179.0,0.118303223750922,0.11305746184060075,0.30767696782233384,1.3490110950402574,1.3437653331299362,16.30643636423401,16.238241459399834,0.06819490483417567
179.5,0.11698972556868498,0.11436674313608564,0.3076909003126749,1.3477533268193844,1.345130344386785,16.290029647401298,16.255930875777505,0.0340987716237926
180.0,0.11567753162766886,0.11567753162766886,0.30769554453437986,1.3464597097651883,1.3464597097651883,16.273194048809927,16.273194048809927,0.0
